<?xml version="1.0" encoding="UTF-8"?>
<Configuration>
	<Files>
		<Value name="xmlInputFileName">../input/gcam-data-system/xml/modeltime-xml/modeltime.xml</Value>
		<Value name="BatchFileName">../input/All-Samples/Bigbatch.xml</Value>
		<Value name="policy-target-file">../input/policy/forcing_target_4p5.xml</Value>
		<Value name="GHGInputFileName">../input/magicc/inputs/input_gases.emk</Value>
		<Value write-output="1" append-scenario-name="0" name="xmldb-location">../output/database_basexdb</Value>
		<Value write-output="1" append-scenario-name="0" name="xmlOutputFileName">../output/output.xml</Value>
		<Value write-output="1" append-scenario-name="1" name="xmlDebugFileName">debug.xml</Value>
		<Value write-output="1" append-scenario-name="0" name="climatFileName">gas.emk</Value>
		<Value write-output="1" append-scenario-name="0" name="outFileName">outFile.csv</Value>
		<Value write-output="1" append-scenario-name="1" name="costCurvesOutputFileName">cost_curves.xml</Value>
		<Value write-output="1" append-scenario-name="0" name="batchCSVOutputFile">batch-csv-out.csv</Value>
		<Value write-output="0" append-scenario-name="0" name="supplyDemandOutputFileName">SDCurves.csv</Value>
		<Value write-output="0" append-scenario-name="0" name="flow-graph">gcam-flow-graph.dot</Value>
		<Value write-output="0" append-scenario-name="0" name="dependencyGraphName">DependencyGraph.dot</Value>
		<Value write-output="0" append-scenario-name="0" name="landAllocatorGraphName">LandAllocatorGraph.dot</Value>
		<Value write-output="0" append-scenario-name="0" name="ObjectSGMFileName">ObjectSGMout.csv</Value>
		<Value write-output="0" append-scenario-name="0" name="ObjectSGMGenFileName">ObjectSGMGen.csv</Value>
		<Value write-output="0" append-scenario-name="0" name="dbFileName">../output/output.mdb</Value>
	</Files>
	<ScenarioComponents>
		<Value name = "climate">../input/climate/hector.xml</Value>
		<Value name = "interest_rate">../input/gcam-data-system/xml/socioeconomics-xml/interest_rate.xml</Value>
		<Value name = "socioeconomics">../input/gcam-data-system/xml/socioeconomics-xml/socioeconomics_gSSP2.xml</Value>
		<Value name = "resources">../input/gcam-data-system/xml/energy-xml/resources.xml</Value>
		<Value name = "energy_supply">../input/gcam-data-system/xml/energy-xml/en_supply.xml</Value>
		<Value name = "energy_transformation">../input/gcam-data-system/xml/energy-xml/en_transformation.xml</Value>
		<Value name = "electricity">../input/gcam-data-system/xml/energy-xml/electricity.xml</Value>
		<Value name = "heat">../input/gcam-data-system/xml/energy-xml/heat.xml</Value>
		<Value name = "hydrogen">../input/gcam-data-system/xml/energy-xml/hydrogen.xml</Value>
		<Value name = "energy_distribution">../input/gcam-data-system/xml/energy-xml/en_distribution.xml</Value>
		<Value name = "industry">../input/gcam-data-system/xml/energy-xml/industry.xml</Value>
		<Value name = "industry_income_elas">../input/gcam-data-system/xml/energy-xml/industry_incelas_gssp2.xml</Value>
		<Value name = "cement">../input/gcam-data-system/xml/energy-xml/cement.xml</Value>
		<Value name = "cement_income_elas">../input/gcam-data-system/xml/energy-xml/cement_incelas_gssp2.xml</Value>
		<Value name = "fertilizer_energy">../input/gcam-data-system/xml/energy-xml/en_Fert.xml</Value>
		<Value name = "hddcdd">../input/gcam-data-system/xml/energy-xml/HDDCDD_constdd_no_GCM.xml</Value>
		<Value name = "building">../input/gcam-data-system/xml/energy-xml/building_det.xml</Value>
		<Value name = "transportation">../input/gcam-data-system/xml/energy-xml/transportation_UCD.xml</Value>
		<Value name = "carbon_content">../input/gcam-data-system/xml/energy-xml/Ccoef.xml</Value>
		<Value name = "carbon_storage">../input/gcam-data-system/xml/energy-xml/Cstorage.xml</Value>
		<Value name = "ag_base">../input/gcam-data-system/xml/aglu-xml/ag_For_Past_bio_base.xml</Value>
		<Value name = "ag_cost">../input/gcam-data-system/xml/aglu-xml/ag_cost.xml</Value>
		<Value name = "ag_prodchange">../input/gcam-data-system/xml/aglu-xml/ag_prodchange_ref.xml</Value>
		<Value name = "residue_bio">../input/gcam-data-system/xml/aglu-xml/resbio_input.xml</Value>
		<Value name = "animal">../input/gcam-data-system/xml/aglu-xml/an_input.xml</Value>
		<Value name = "fertilizer_agriculture">../input/gcam-data-system/xml/aglu-xml/ag_Fert.xml</Value>
		<Value name = "land1">../input/gcam-data-system/xml/aglu-xml/land_input_1.xml</Value>
		<Value name = "land2">../input/gcam-data-system/xml/aglu-xml/land_input_2.xml</Value>
		<Value name = "land3">../input/gcam-data-system/xml/aglu-xml/land_input_3.xml</Value>
		<Value name = "protected_land2">../input/gcam-data-system/xml/aglu-xml/protected_land_input_2.xml</Value>
		<Value name = "protected_land3">../input/gcam-data-system/xml/aglu-xml/protected_land_input_3.xml</Value>
		<Value name = "bio">../input/gcam-data-system/xml/aglu-xml/bio_hi.xml</Value>
		<Value name = "demand">../input/gcam-data-system/xml/aglu-xml/demand_input.xml</Value>
		<Value name = "ind_urb_proc">../input/gcam-data-system/xml/emissions-xml/ind_urb_processing_sectors.xml</Value>
		<Value name = "nonco2_aglu">../input/gcam-data-system/xml/emissions-xml/all_aglu_emissions.xml</Value>
		<Value name = "nonco2_energy">../input/gcam-data-system/xml/emissions-xml/all_energy_emissions.xml</Value>
		<Value name = "nonco2_fgas">../input/gcam-data-system/xml/emissions-xml/all_fgas_emissions.xml</Value>
		<Value name = "nonco2_unmgd">../input/gcam-data-system/xml/emissions-xml/all_unmgd_emissions.xml</Value>
		<Value name = "prot_emiss">../input/gcam-data-system/xml/emissions-xml/all_protected_unmgd_emissions.xml</Value>
		<Value name = "bio_feedstock_limit">../input/gcam-data-system/xml/energy-xml/liquids_limits.xml</Value>
		<Value name = "bio_neg_emiss_budget">../input/gcam-data-system/xml/energy-xml/negative_emissions_budget_gSSP2.xml</Value>
		<Value name = "solver">../input/solution/cal_broyden_config.xml</Value>
		<Value name="resources">../input/new_Resource_mod.xml</Value>
		<Value name = "electricity">../input/gcam-data-system/xml/energy-xml/electricity.xml</Value>

	</ScenarioComponents>
	<Strings>
		<Value name="scenarioName">Ref</Value>
		<Value name="debug-region">USA</Value>
		<Value name="MAGICC-input-dir">../input/magicc/inputs</Value>
		<Value name="MAGICC-output-dir">../output</Value>
	</Strings>
	<Bools>
		<Value name="CalibrationActive">1</Value>
		<Value name="BatchMode">0</Value>
		<Value name="find-path">0</Value>
		<Value name="createCostCurve">0</Value>
		<Value name="debugChecking">0</Value>
		<Value name="simulActive">1</Value>
		<Value name="PrintValuesOnGraphs">1</Value>
		<Value name="ShowNullPaths">0</Value>
		<Value name="PrintPrices">1</Value>
	</Bools>
	<Ints>
		<Value name="numMarketsToFindSD">10</Value>
		<Value name="numPointsForSD">21</Value>
		<Value name="numPointsForCO2CostCurve">5</Value>
		<Value name="carbon-output-start-year">1705</Value>
		<Value name="climateOutputInterval">5</Value>
		<Value name="parallel-grain-size">50</Value>
		<Value name="stop-period">-1</Value>
	</Ints>
	<Doubles>
	</Doubles>
</Configuration>
