INPUT_TABLE,,,,
Variable ID,,,,
GlobalTechShrwt,,,,
,,,,
sector.name,subsector.name,technology,year,share.weight
electricity,coal,coal (conv pul),1975,1
electricity,coal,coal (conv pul CCS),1975,0
electricity,coal,coal (IGCC),1975,0
electricity,coal,coal (IGCC CCS),1975,0
electricity,gas,gas (steam/CT),1975,1
electricity,gas,gas (CC),1975,1
electricity,gas,gas (CC CCS),1975,0
electricity,refined liquids,refined liquids (steam/CT),1975,1
electricity,refined liquids,refined liquids (CC),1975,0
electricity,refined liquids,refined liquids (CC CCS),1975,0
electricity,biomass,biomass (conv),1975,1
electricity,biomass,biomass (conv CCS),1975,0
electricity,biomass,biomass (IGCC),1975,0
electricity,biomass,biomass (IGCC CCS),1975,0
electricity,nuclear,Gen_II_LWR,1975,0
electricity,nuclear,Gen_III,1975,0
electricity,hydro,hydro,1975,0
electricity,wind,wind_storage,1975,0
electricity,solar,PV_storage,1975,0
electricity,solar,CSP_storage,1975,0
electricity,geothermal,geothermal,1975,1
electricity,offshore wind,offshore_wind_storage_global,1975,0
electricity,coal,coal (conv pul),1990,1
electricity,coal,coal (conv pul CCS),1990,0
electricity,coal,coal (IGCC),1990,0
electricity,coal,coal (IGCC CCS),1990,0
electricity,gas,gas (steam/CT),1990,1
electricity,gas,gas (CC),1990,1
electricity,gas,gas (CC CCS),1990,0
electricity,refined liquids,refined liquids (steam/CT),1990,1
electricity,refined liquids,refined liquids (CC),1990,0
electricity,refined liquids,refined liquids (CC CCS),1990,0
electricity,biomass,biomass (conv),1990,1
electricity,biomass,biomass (conv CCS),1990,0
electricity,biomass,biomass (IGCC),1990,0
electricity,biomass,biomass (IGCC CCS),1990,0
electricity,nuclear,Gen_II_LWR,1990,0
electricity,nuclear,Gen_III,1990,0
electricity,hydro,hydro,1990,0
electricity,wind,wind_storage,1990,0
electricity,solar,PV_storage,1990,0
electricity,solar,CSP_storage,1990,0
electricity,geothermal,geothermal,1990,1
electricity,offshore wind,offshore_wind_storage_global,1990,0
electricity,coal,coal (conv pul),2005,1
electricity,coal,coal (conv pul CCS),2005,0
electricity,coal,coal (IGCC),2005,0
electricity,coal,coal (IGCC CCS),2005,0
electricity,gas,gas (steam/CT),2005,1
electricity,gas,gas (CC),2005,1
electricity,gas,gas (CC CCS),2005,0
electricity,refined liquids,refined liquids (steam/CT),2005,1
electricity,refined liquids,refined liquids (CC),2005,0
electricity,refined liquids,refined liquids (CC CCS),2005,0
electricity,biomass,biomass (conv),2005,1
electricity,biomass,biomass (conv CCS),2005,0
electricity,biomass,biomass (IGCC),2005,0
electricity,biomass,biomass (IGCC CCS),2005,0
electricity,nuclear,Gen_II_LWR,2005,0
electricity,nuclear,Gen_III,2005,0
electricity,hydro,hydro,2005,0
electricity,wind,wind_storage,2005,0
electricity,solar,PV_storage,2005,0
electricity,solar,CSP_storage,2005,0
electricity,geothermal,geothermal,2005,1
electricity,offshore wind,offshore_wind_storage_global,2005,0
electricity,coal,coal (conv pul),2010,1
electricity,coal,coal (conv pul CCS),2010,0
electricity,coal,coal (IGCC),2010,0
electricity,coal,coal (IGCC CCS),2010,0
electricity,gas,gas (steam/CT),2010,1
electricity,gas,gas (CC),2010,1
electricity,gas,gas (CC CCS),2010,0
electricity,refined liquids,refined liquids (steam/CT),2010,1
electricity,refined liquids,refined liquids (CC),2010,0
electricity,refined liquids,refined liquids (CC CCS),2010,0
electricity,biomass,biomass (conv),2010,1
electricity,biomass,biomass (conv CCS),2010,0
electricity,biomass,biomass (IGCC),2010,0
electricity,biomass,biomass (IGCC CCS),2010,0
electricity,nuclear,Gen_II_LWR,2010,0
electricity,nuclear,Gen_III,2010,0
electricity,hydro,hydro,2010,0
electricity,wind,wind_storage,2010,0
electricity,solar,PV_storage,2010,0
electricity,solar,CSP_storage,2010,0
electricity,geothermal,geothermal,2010,1
electricity,offshore wind,offshore_wind_storage_global,2010,0
electricity,coal,coal (conv pul),2015,1
electricity,coal,coal (conv pul CCS),2015,0
electricity,coal,coal (IGCC),2015,0
electricity,coal,coal (IGCC CCS),2015,0
electricity,gas,gas (steam/CT),2015,1
electricity,gas,gas (CC),2015,1
electricity,gas,gas (CC CCS),2015,0
electricity,refined liquids,refined liquids (steam/CT),2015,1
electricity,refined liquids,refined liquids (CC),2015,0
electricity,refined liquids,refined liquids (CC CCS),2015,0
electricity,biomass,biomass (conv),2015,1
electricity,biomass,biomass (conv CCS),2015,0
electricity,biomass,biomass (IGCC),2015,0
electricity,biomass,biomass (IGCC CCS),2015,0
electricity,nuclear,Gen_II_LWR,2015,0
electricity,nuclear,Gen_III,2015,1
electricity,hydro,hydro,2015,0
electricity,wind,wind_storage,2015,1
electricity,solar,PV_storage,2015,1
electricity,solar,CSP_storage,2015,0
electricity,geothermal,geothermal,2015,1
electricity,offshore wind,offshore_wind_storage_global,2015,1
electricity,coal,coal (conv pul),2020,1
electricity,coal,coal (conv pul CCS),2020,0
electricity,coal,coal (IGCC),2020,0
electricity,coal,coal (IGCC CCS),2020,0
electricity,gas,gas (steam/CT),2020,1
electricity,gas,gas (CC),2020,1
electricity,gas,gas (CC CCS),2020,0
electricity,refined liquids,refined liquids (steam/CT),2020,1
electricity,refined liquids,refined liquids (CC),2020,0.555555556
electricity,refined liquids,refined liquids (CC CCS),2020,0
electricity,biomass,biomass (conv),2020,1
electricity,biomass,biomass (conv CCS),2020,0
electricity,biomass,biomass (IGCC),2020,0
electricity,biomass,biomass (IGCC CCS),2020,0
electricity,nuclear,Gen_II_LWR,2020,0
electricity,nuclear,Gen_III,2020,1
electricity,hydro,hydro,2020,0
electricity,wind,wind_storage,2020,1
electricity,solar,PV_storage,2020,1
electricity,solar,CSP_storage,2020,0
electricity,geothermal,geothermal,2020,1
electricity,offshore wind,offshore_wind_storage_global,2020,1
electricity,coal,coal (conv pul),2025,1
electricity,coal,coal (conv pul CCS),2025,1
electricity,coal,coal (IGCC),2025,1
electricity,coal,coal (IGCC CCS),2025,1
electricity,gas,gas (steam/CT),2025,1
electricity,gas,gas (CC),2025,1
electricity,gas,gas (CC CCS),2025,1
electricity,refined liquids,refined liquids (steam/CT),2025,1
electricity,refined liquids,refined liquids (CC),2025,1
electricity,refined liquids,refined liquids (CC CCS),2025,1
electricity,biomass,biomass (conv),2025,1
electricity,biomass,biomass (conv CCS),2025,1
electricity,biomass,biomass (IGCC),2025,1
electricity,biomass,biomass (IGCC CCS),2025,1
electricity,nuclear,Gen_II_LWR,2025,0
electricity,nuclear,Gen_III,2025,1
electricity,hydro,hydro,2025,0
electricity,wind,wind_storage,2025,1
electricity,solar,PV_storage,2025,1
electricity,solar,CSP_storage,2025,0.25
electricity,geothermal,geothermal,2025,1
electricity,offshore wind,offshore_wind_storage_global,2025,1
electricity,coal,coal (conv pul),2030,1
electricity,coal,coal (conv pul CCS),2030,1
electricity,coal,coal (IGCC),2030,1
electricity,coal,coal (IGCC CCS),2030,1
electricity,gas,gas (steam/CT),2030,1
electricity,gas,gas (CC),2030,1
electricity,gas,gas (CC CCS),2030,1
electricity,refined liquids,refined liquids (steam/CT),2030,1
electricity,refined liquids,refined liquids (CC),2030,1
electricity,refined liquids,refined liquids (CC CCS),2030,1
electricity,biomass,biomass (conv),2030,1
electricity,biomass,biomass (conv CCS),2030,1
electricity,biomass,biomass (IGCC),2030,1
electricity,biomass,biomass (IGCC CCS),2030,1
electricity,nuclear,Gen_II_LWR,2030,0
electricity,nuclear,Gen_III,2030,1
electricity,hydro,hydro,2030,0
electricity,wind,wind_storage,2030,1
electricity,solar,PV_storage,2030,1
electricity,solar,CSP_storage,2030,0.5
electricity,geothermal,geothermal,2030,1
electricity,offshore wind,offshore_wind_storage_global,2030,1
electricity,coal,coal (conv pul),2035,1
electricity,coal,coal (conv pul CCS),2035,1
electricity,coal,coal (IGCC),2035,1
electricity,coal,coal (IGCC CCS),2035,1
electricity,gas,gas (steam/CT),2035,1
electricity,gas,gas (CC),2035,1
electricity,gas,gas (CC CCS),2035,1
electricity,refined liquids,refined liquids (steam/CT),2035,1
electricity,refined liquids,refined liquids (CC),2035,1
electricity,refined liquids,refined liquids (CC CCS),2035,1
electricity,biomass,biomass (conv),2035,1
electricity,biomass,biomass (conv CCS),2035,1
electricity,biomass,biomass (IGCC),2035,1
electricity,biomass,biomass (IGCC CCS),2035,1
electricity,nuclear,Gen_II_LWR,2035,0
electricity,nuclear,Gen_III,2035,1
electricity,hydro,hydro,2035,0
electricity,wind,wind_storage,2035,1
electricity,solar,PV_storage,2035,1
electricity,solar,CSP_storage,2035,0.75
electricity,geothermal,geothermal,2035,1
electricity,offshore wind,offshore_wind_storage_global,2035,1
electricity,coal,coal (conv pul),2040,1
electricity,coal,coal (conv pul CCS),2040,1
electricity,coal,coal (IGCC),2040,1
electricity,coal,coal (IGCC CCS),2040,1
electricity,gas,gas (steam/CT),2040,1
electricity,gas,gas (CC),2040,1
electricity,gas,gas (CC CCS),2040,1
electricity,refined liquids,refined liquids (steam/CT),2040,1
electricity,refined liquids,refined liquids (CC),2040,1
electricity,refined liquids,refined liquids (CC CCS),2040,1
electricity,biomass,biomass (conv),2040,1
electricity,biomass,biomass (conv CCS),2040,1
electricity,biomass,biomass (IGCC),2040,1
electricity,biomass,biomass (IGCC CCS),2040,1
electricity,nuclear,Gen_II_LWR,2040,0
electricity,nuclear,Gen_III,2040,1
electricity,hydro,hydro,2040,0
electricity,wind,wind_storage,2040,1
electricity,solar,PV_storage,2040,1
electricity,solar,CSP_storage,2040,0.833333333
electricity,geothermal,geothermal,2040,1
electricity,offshore wind,offshore_wind_storage_global,2040,1
electricity,coal,coal (conv pul),2045,1
electricity,coal,coal (conv pul CCS),2045,1
electricity,coal,coal (IGCC),2045,1
electricity,coal,coal (IGCC CCS),2045,1
electricity,gas,gas (steam/CT),2045,1
electricity,gas,gas (CC),2045,1
electricity,gas,gas (CC CCS),2045,1
electricity,refined liquids,refined liquids (steam/CT),2045,1
electricity,refined liquids,refined liquids (CC),2045,1
electricity,refined liquids,refined liquids (CC CCS),2045,1
electricity,biomass,biomass (conv),2045,1
electricity,biomass,biomass (conv CCS),2045,1
electricity,biomass,biomass (IGCC),2045,1
electricity,biomass,biomass (IGCC CCS),2045,1
electricity,nuclear,Gen_II_LWR,2045,0
electricity,nuclear,Gen_III,2045,1
electricity,hydro,hydro,2045,0
electricity,wind,wind_storage,2045,1
electricity,solar,PV_storage,2045,1
electricity,solar,CSP_storage,2045,0.916666667
electricity,geothermal,geothermal,2045,1
electricity,offshore wind,offshore_wind_storage_global,2045,1
electricity,coal,coal (conv pul),2050,1
electricity,coal,coal (conv pul CCS),2050,1
electricity,coal,coal (IGCC),2050,1
electricity,coal,coal (IGCC CCS),2050,1
electricity,gas,gas (steam/CT),2050,1
electricity,gas,gas (CC),2050,1
electricity,gas,gas (CC CCS),2050,1
electricity,refined liquids,refined liquids (steam/CT),2050,1
electricity,refined liquids,refined liquids (CC),2050,1
electricity,refined liquids,refined liquids (CC CCS),2050,1
electricity,biomass,biomass (conv),2050,1
electricity,biomass,biomass (conv CCS),2050,1
electricity,biomass,biomass (IGCC),2050,1
electricity,biomass,biomass (IGCC CCS),2050,1
electricity,nuclear,Gen_II_LWR,2050,0
electricity,nuclear,Gen_III,2050,1
electricity,hydro,hydro,2050,0
electricity,wind,wind_storage,2050,1
electricity,solar,PV_storage,2050,1
electricity,solar,CSP_storage,2050,1
electricity,geothermal,geothermal,2050,1
electricity,offshore wind,offshore_wind_storage_global,2050,1
electricity,coal,coal (conv pul),2055,1
electricity,coal,coal (conv pul CCS),2055,1
electricity,coal,coal (IGCC),2055,1
electricity,coal,coal (IGCC CCS),2055,1
electricity,gas,gas (steam/CT),2055,1
electricity,gas,gas (CC),2055,1
electricity,gas,gas (CC CCS),2055,1
electricity,refined liquids,refined liquids (steam/CT),2055,1
electricity,refined liquids,refined liquids (CC),2055,1
electricity,refined liquids,refined liquids (CC CCS),2055,1
electricity,biomass,biomass (conv),2055,1
electricity,biomass,biomass (conv CCS),2055,1
electricity,biomass,biomass (IGCC),2055,1
electricity,biomass,biomass (IGCC CCS),2055,1
electricity,nuclear,Gen_II_LWR,2055,0
electricity,nuclear,Gen_III,2055,1
electricity,hydro,hydro,2055,0
electricity,wind,wind_storage,2055,1
electricity,solar,PV_storage,2055,1
electricity,solar,CSP_storage,2055,1
electricity,geothermal,geothermal,2055,1
electricity,offshore wind,offshore_wind_storage_global,2055,1
electricity,coal,coal (conv pul),2060,1
electricity,coal,coal (conv pul CCS),2060,1
electricity,coal,coal (IGCC),2060,1
electricity,coal,coal (IGCC CCS),2060,1
electricity,gas,gas (steam/CT),2060,1
electricity,gas,gas (CC),2060,1
electricity,gas,gas (CC CCS),2060,1
electricity,refined liquids,refined liquids (steam/CT),2060,1
electricity,refined liquids,refined liquids (CC),2060,1
electricity,refined liquids,refined liquids (CC CCS),2060,1
electricity,biomass,biomass (conv),2060,1
electricity,biomass,biomass (conv CCS),2060,1
electricity,biomass,biomass (IGCC),2060,1
electricity,biomass,biomass (IGCC CCS),2060,1
electricity,nuclear,Gen_II_LWR,2060,0
electricity,nuclear,Gen_III,2060,1
electricity,hydro,hydro,2060,0
electricity,wind,wind_storage,2060,1
electricity,solar,PV_storage,2060,1
electricity,solar,CSP_storage,2060,1
electricity,geothermal,geothermal,2060,1
electricity,offshore wind,offshore_wind_storage_global,2060,1
electricity,coal,coal (conv pul),2065,1
electricity,coal,coal (conv pul CCS),2065,1
electricity,coal,coal (IGCC),2065,1
electricity,coal,coal (IGCC CCS),2065,1
electricity,gas,gas (steam/CT),2065,1
electricity,gas,gas (CC),2065,1
electricity,gas,gas (CC CCS),2065,1
electricity,refined liquids,refined liquids (steam/CT),2065,1
electricity,refined liquids,refined liquids (CC),2065,1
electricity,refined liquids,refined liquids (CC CCS),2065,1
electricity,biomass,biomass (conv),2065,1
electricity,biomass,biomass (conv CCS),2065,1
electricity,biomass,biomass (IGCC),2065,1
electricity,biomass,biomass (IGCC CCS),2065,1
electricity,nuclear,Gen_II_LWR,2065,0
electricity,nuclear,Gen_III,2065,1
electricity,hydro,hydro,2065,0
electricity,wind,wind_storage,2065,1
electricity,solar,PV_storage,2065,1
electricity,solar,CSP_storage,2065,1
electricity,geothermal,geothermal,2065,1
electricity,offshore wind,offshore_wind_storage_global,2065,1
electricity,coal,coal (conv pul),2070,1
electricity,coal,coal (conv pul CCS),2070,1
electricity,coal,coal (IGCC),2070,1
electricity,coal,coal (IGCC CCS),2070,1
electricity,gas,gas (steam/CT),2070,1
electricity,gas,gas (CC),2070,1
electricity,gas,gas (CC CCS),2070,1
electricity,refined liquids,refined liquids (steam/CT),2070,1
electricity,refined liquids,refined liquids (CC),2070,1
electricity,refined liquids,refined liquids (CC CCS),2070,1
electricity,biomass,biomass (conv),2070,1
electricity,biomass,biomass (conv CCS),2070,1
electricity,biomass,biomass (IGCC),2070,1
electricity,biomass,biomass (IGCC CCS),2070,1
electricity,nuclear,Gen_II_LWR,2070,0
electricity,nuclear,Gen_III,2070,1
electricity,hydro,hydro,2070,0
electricity,wind,wind_storage,2070,1
electricity,solar,PV_storage,2070,1
electricity,solar,CSP_storage,2070,1
electricity,geothermal,geothermal,2070,1
electricity,offshore wind,offshore_wind_storage_global,2070,1
electricity,coal,coal (conv pul),2075,1
electricity,coal,coal (conv pul CCS),2075,1
electricity,coal,coal (IGCC),2075,1
electricity,coal,coal (IGCC CCS),2075,1
electricity,gas,gas (steam/CT),2075,1
electricity,gas,gas (CC),2075,1
electricity,gas,gas (CC CCS),2075,1
electricity,refined liquids,refined liquids (steam/CT),2075,1
electricity,refined liquids,refined liquids (CC),2075,1
electricity,refined liquids,refined liquids (CC CCS),2075,1
electricity,biomass,biomass (conv),2075,1
electricity,biomass,biomass (conv CCS),2075,1
electricity,biomass,biomass (IGCC),2075,1
electricity,biomass,biomass (IGCC CCS),2075,1
electricity,nuclear,Gen_II_LWR,2075,0
electricity,nuclear,Gen_III,2075,1
electricity,hydro,hydro,2075,0
electricity,wind,wind_storage,2075,1
electricity,solar,PV_storage,2075,1
electricity,solar,CSP_storage,2075,1
electricity,geothermal,geothermal,2075,1
electricity,offshore wind,offshore_wind_storage_global,2075,1
electricity,coal,coal (conv pul),2080,1
electricity,coal,coal (conv pul CCS),2080,1
electricity,coal,coal (IGCC),2080,1
electricity,coal,coal (IGCC CCS),2080,1
electricity,gas,gas (steam/CT),2080,1
electricity,gas,gas (CC),2080,1
electricity,gas,gas (CC CCS),2080,1
electricity,refined liquids,refined liquids (steam/CT),2080,1
electricity,refined liquids,refined liquids (CC),2080,1
electricity,refined liquids,refined liquids (CC CCS),2080,1
electricity,biomass,biomass (conv),2080,1
electricity,biomass,biomass (conv CCS),2080,1
electricity,biomass,biomass (IGCC),2080,1
electricity,biomass,biomass (IGCC CCS),2080,1
electricity,nuclear,Gen_II_LWR,2080,0
electricity,nuclear,Gen_III,2080,1
electricity,hydro,hydro,2080,0
electricity,wind,wind_storage,2080,1
electricity,solar,PV_storage,2080,1
electricity,solar,CSP_storage,2080,1
electricity,geothermal,geothermal,2080,1
electricity,offshore wind,offshore_wind_storage_global,2080,1
electricity,coal,coal (conv pul),2085,1
electricity,coal,coal (conv pul CCS),2085,1
electricity,coal,coal (IGCC),2085,1
electricity,coal,coal (IGCC CCS),2085,1
electricity,gas,gas (steam/CT),2085,1
electricity,gas,gas (CC),2085,1
electricity,gas,gas (CC CCS),2085,1
electricity,refined liquids,refined liquids (steam/CT),2085,1
electricity,refined liquids,refined liquids (CC),2085,1
electricity,refined liquids,refined liquids (CC CCS),2085,1
electricity,biomass,biomass (conv),2085,1
electricity,biomass,biomass (conv CCS),2085,1
electricity,biomass,biomass (IGCC),2085,1
electricity,biomass,biomass (IGCC CCS),2085,1
electricity,nuclear,Gen_II_LWR,2085,0
electricity,nuclear,Gen_III,2085,1
electricity,hydro,hydro,2085,0
electricity,wind,wind_storage,2085,1
electricity,solar,PV_storage,2085,1
electricity,solar,CSP_storage,2085,1
electricity,geothermal,geothermal,2085,1
electricity,offshore wind,offshore_wind_storage_global,2085,1
electricity,coal,coal (conv pul),2090,1
electricity,coal,coal (conv pul CCS),2090,1
electricity,coal,coal (IGCC),2090,1
electricity,coal,coal (IGCC CCS),2090,1
electricity,gas,gas (steam/CT),2090,1
electricity,gas,gas (CC),2090,1
electricity,gas,gas (CC CCS),2090,1
electricity,refined liquids,refined liquids (steam/CT),2090,1
electricity,refined liquids,refined liquids (CC),2090,1
electricity,refined liquids,refined liquids (CC CCS),2090,1
electricity,biomass,biomass (conv),2090,1
electricity,biomass,biomass (conv CCS),2090,1
electricity,biomass,biomass (IGCC),2090,1
electricity,biomass,biomass (IGCC CCS),2090,1
electricity,nuclear,Gen_II_LWR,2090,0
electricity,nuclear,Gen_III,2090,1
electricity,hydro,hydro,2090,0
electricity,wind,wind_storage,2090,1
electricity,solar,PV_storage,2090,1
electricity,solar,CSP_storage,2090,1
electricity,geothermal,geothermal,2090,1
electricity,offshore wind,offshore_wind_storage_global,2090,1
electricity,coal,coal (conv pul),2095,1
electricity,coal,coal (conv pul CCS),2095,1
electricity,coal,coal (IGCC),2095,1
electricity,coal,coal (IGCC CCS),2095,1
electricity,gas,gas (steam/CT),2095,1
electricity,gas,gas (CC),2095,1
electricity,gas,gas (CC CCS),2095,1
electricity,refined liquids,refined liquids (steam/CT),2095,1
electricity,refined liquids,refined liquids (CC),2095,1
electricity,refined liquids,refined liquids (CC CCS),2095,1
electricity,biomass,biomass (conv),2095,1
electricity,biomass,biomass (conv CCS),2095,1
electricity,biomass,biomass (IGCC),2095,1
electricity,biomass,biomass (IGCC CCS),2095,1
electricity,nuclear,Gen_II_LWR,2095,0
electricity,nuclear,Gen_III,2095,1
electricity,hydro,hydro,2095,0
electricity,wind,wind_storage,2095,1
electricity,solar,PV_storage,2095,1
electricity,solar,CSP_storage,2095,1
electricity,geothermal,geothermal,2095,1
electricity,offshore wind,offshore_wind_storage_global,2095,1
electricity,coal,coal (conv pul),2100,1
electricity,coal,coal (conv pul CCS),2100,1
electricity,coal,coal (IGCC),2100,1
electricity,coal,coal (IGCC CCS),2100,1
electricity,gas,gas (steam/CT),2100,1
electricity,gas,gas (CC),2100,1
electricity,gas,gas (CC CCS),2100,1
electricity,refined liquids,refined liquids (steam/CT),2100,1
electricity,refined liquids,refined liquids (CC),2100,1
electricity,refined liquids,refined liquids (CC CCS),2100,1
electricity,biomass,biomass (conv),2100,1
electricity,biomass,biomass (conv CCS),2100,1
electricity,biomass,biomass (IGCC),2100,1
electricity,biomass,biomass (IGCC CCS),2100,1
electricity,nuclear,Gen_II_LWR,2100,0
electricity,nuclear,Gen_III,2100,1
electricity,hydro,hydro,2100,0
electricity,wind,wind_storage,2100,1
electricity,solar,PV_storage,2100,1
electricity,solar,CSP_storage,2100,1
electricity,geothermal,geothermal,2100,1
electricity,offshore wind,offshore_wind_storage_global,2100,1
