INPUT_TABLE,,,,
Variable ID,,,,
GlobalTechLifetime,,,,
,,,,
sector.name,subsector.name,technology,year,lifetime
electricity,geothermal,geothermal,2010,30
electricity,coal,coal (conv pul),2015,60
electricity,coal,coal (conv pul CCS),2015,60
electricity,coal,coal (IGCC),2015,60
electricity,coal,coal (IGCC CCS),2015,60
electricity,gas,gas (steam/CT),2015,45
electricity,gas,gas (CC),2015,45
electricity,gas,gas (CC CCS),2015,45
electricity,refined liquids,refined liquids (steam/CT),2015,45
electricity,refined liquids,refined liquids (CC),2015,45
electricity,refined liquids,refined liquids (CC CCS),2015,45
electricity,biomass,biomass (conv),2015,60
electricity,biomass,biomass (conv CCS),2015,60
electricity,biomass,biomass (IGCC),2015,60
electricity,biomass,biomass (IGCC CCS),2015,60
electricity,nuclear,Gen_III,2015,60
electricity,wind,wind_storage,2015,30
electricity,solar,PV_storage,2015,30
electricity,solar,CSP_storage,2015,30
electricity,geothermal,geothermal,2015,30
electricity,offshore wind,offshore_wind_storage_global,2015,30
electricity,coal,coal (conv pul),2020,60
electricity,coal,coal (conv pul CCS),2020,60
electricity,coal,coal (IGCC),2020,60
electricity,coal,coal (IGCC CCS),2020,60
electricity,gas,gas (steam/CT),2020,45
electricity,gas,gas (CC),2020,45
electricity,gas,gas (CC CCS),2020,45
electricity,refined liquids,refined liquids (steam/CT),2020,45
electricity,refined liquids,refined liquids (CC),2020,45
electricity,refined liquids,refined liquids (CC CCS),2020,45
electricity,biomass,biomass (conv),2020,60
electricity,biomass,biomass (conv CCS),2020,60
electricity,biomass,biomass (IGCC),2020,60
electricity,biomass,biomass (IGCC CCS),2020,60
electricity,nuclear,Gen_III,2020,60
electricity,wind,wind_storage,2020,30
electricity,solar,PV_storage,2020,30
electricity,solar,CSP_storage,2020,30
electricity,geothermal,geothermal,2020,30
electricity,offshore wind,offshore_wind_storage_global,2020,30
electricity,coal,coal (conv pul),2025,60
electricity,coal,coal (conv pul CCS),2025,60
electricity,coal,coal (IGCC),2025,60
electricity,coal,coal (IGCC CCS),2025,60
electricity,gas,gas (steam/CT),2025,45
electricity,gas,gas (CC),2025,45
electricity,gas,gas (CC CCS),2025,45
electricity,refined liquids,refined liquids (steam/CT),2025,45
electricity,refined liquids,refined liquids (CC),2025,45
electricity,refined liquids,refined liquids (CC CCS),2025,45
electricity,biomass,biomass (conv),2025,60
electricity,biomass,biomass (conv CCS),2025,60
electricity,biomass,biomass (IGCC),2025,60
electricity,biomass,biomass (IGCC CCS),2025,60
electricity,nuclear,Gen_III,2025,60
electricity,wind,wind_storage,2025,30
electricity,solar,PV_storage,2025,30
electricity,solar,CSP_storage,2025,30
electricity,geothermal,geothermal,2025,30
electricity,offshore wind,offshore_wind_storage_global,2025,30
electricity,coal,coal (conv pul),2030,60
electricity,coal,coal (conv pul CCS),2030,60
electricity,coal,coal (IGCC),2030,60
electricity,coal,coal (IGCC CCS),2030,60
electricity,gas,gas (steam/CT),2030,45
electricity,gas,gas (CC),2030,45
electricity,gas,gas (CC CCS),2030,45
electricity,refined liquids,refined liquids (steam/CT),2030,45
electricity,refined liquids,refined liquids (CC),2030,45
electricity,refined liquids,refined liquids (CC CCS),2030,45
electricity,biomass,biomass (conv),2030,60
electricity,biomass,biomass (conv CCS),2030,60
electricity,biomass,biomass (IGCC),2030,60
electricity,biomass,biomass (IGCC CCS),2030,60
electricity,nuclear,Gen_III,2030,60
electricity,wind,wind_storage,2030,30
electricity,solar,PV_storage,2030,30
electricity,solar,CSP_storage,2030,30
electricity,geothermal,geothermal,2030,30
electricity,offshore wind,offshore_wind_storage_global,2030,30
electricity,coal,coal (conv pul),2035,60
electricity,coal,coal (conv pul CCS),2035,60
electricity,coal,coal (IGCC),2035,60
electricity,coal,coal (IGCC CCS),2035,60
electricity,gas,gas (steam/CT),2035,45
electricity,gas,gas (CC),2035,45
electricity,gas,gas (CC CCS),2035,45
electricity,refined liquids,refined liquids (steam/CT),2035,45
electricity,refined liquids,refined liquids (CC),2035,45
electricity,refined liquids,refined liquids (CC CCS),2035,45
electricity,biomass,biomass (conv),2035,60
electricity,biomass,biomass (conv CCS),2035,60
electricity,biomass,biomass (IGCC),2035,60
electricity,biomass,biomass (IGCC CCS),2035,60
electricity,nuclear,Gen_III,2035,60
electricity,wind,wind_storage,2035,30
electricity,solar,PV_storage,2035,30
electricity,solar,CSP_storage,2035,30
electricity,geothermal,geothermal,2035,30
electricity,offshore wind,offshore_wind_storage_global,2035,30
electricity,coal,coal (conv pul),2040,60
electricity,coal,coal (conv pul CCS),2040,60
electricity,coal,coal (IGCC),2040,60
electricity,coal,coal (IGCC CCS),2040,60
electricity,gas,gas (steam/CT),2040,45
electricity,gas,gas (CC),2040,45
electricity,gas,gas (CC CCS),2040,45
electricity,refined liquids,refined liquids (steam/CT),2040,45
electricity,refined liquids,refined liquids (CC),2040,45
electricity,refined liquids,refined liquids (CC CCS),2040,45
electricity,biomass,biomass (conv),2040,60
electricity,biomass,biomass (conv CCS),2040,60
electricity,biomass,biomass (IGCC),2040,60
electricity,biomass,biomass (IGCC CCS),2040,60
electricity,nuclear,Gen_III,2040,60
electricity,wind,wind_storage,2040,30
electricity,solar,PV_storage,2040,30
electricity,solar,CSP_storage,2040,30
electricity,geothermal,geothermal,2040,30
electricity,offshore wind,offshore_wind_storage_global,2040,30
electricity,coal,coal (conv pul),2045,60
electricity,coal,coal (conv pul CCS),2045,60
electricity,coal,coal (IGCC),2045,60
electricity,coal,coal (IGCC CCS),2045,60
electricity,gas,gas (steam/CT),2045,45
electricity,gas,gas (CC),2045,45
electricity,gas,gas (CC CCS),2045,45
electricity,refined liquids,refined liquids (steam/CT),2045,45
electricity,refined liquids,refined liquids (CC),2045,45
electricity,refined liquids,refined liquids (CC CCS),2045,45
electricity,biomass,biomass (conv),2045,60
electricity,biomass,biomass (conv CCS),2045,60
electricity,biomass,biomass (IGCC),2045,60
electricity,biomass,biomass (IGCC CCS),2045,60
electricity,nuclear,Gen_III,2045,60
electricity,wind,wind_storage,2045,30
electricity,solar,PV_storage,2045,30
electricity,solar,CSP_storage,2045,30
electricity,geothermal,geothermal,2045,30
electricity,offshore wind,offshore_wind_storage_global,2045,30
electricity,coal,coal (conv pul),2050,60
electricity,coal,coal (conv pul CCS),2050,60
electricity,coal,coal (IGCC),2050,60
electricity,coal,coal (IGCC CCS),2050,60
electricity,gas,gas (steam/CT),2050,45
electricity,gas,gas (CC),2050,45
electricity,gas,gas (CC CCS),2050,45
electricity,refined liquids,refined liquids (steam/CT),2050,45
electricity,refined liquids,refined liquids (CC),2050,45
electricity,refined liquids,refined liquids (CC CCS),2050,45
electricity,biomass,biomass (conv),2050,60
electricity,biomass,biomass (conv CCS),2050,60
electricity,biomass,biomass (IGCC),2050,60
electricity,biomass,biomass (IGCC CCS),2050,60
electricity,nuclear,Gen_III,2050,60
electricity,wind,wind_storage,2050,30
electricity,solar,PV_storage,2050,30
electricity,solar,CSP_storage,2050,30
electricity,geothermal,geothermal,2050,30
electricity,offshore wind,offshore_wind_storage_global,2050,30
electricity,coal,coal (conv pul),2055,60
electricity,coal,coal (conv pul CCS),2055,60
electricity,coal,coal (IGCC),2055,60
electricity,coal,coal (IGCC CCS),2055,60
electricity,gas,gas (steam/CT),2055,45
electricity,gas,gas (CC),2055,45
electricity,gas,gas (CC CCS),2055,45
electricity,refined liquids,refined liquids (steam/CT),2055,45
electricity,refined liquids,refined liquids (CC),2055,45
electricity,refined liquids,refined liquids (CC CCS),2055,45
electricity,biomass,biomass (conv),2055,60
electricity,biomass,biomass (conv CCS),2055,60
electricity,biomass,biomass (IGCC),2055,60
electricity,biomass,biomass (IGCC CCS),2055,60
electricity,nuclear,Gen_III,2055,60
electricity,wind,wind_storage,2055,30
electricity,solar,PV_storage,2055,30
electricity,solar,CSP_storage,2055,30
electricity,geothermal,geothermal,2055,30
electricity,offshore wind,offshore_wind_storage_global,2055,30
electricity,coal,coal (conv pul),2060,60
electricity,coal,coal (conv pul CCS),2060,60
electricity,coal,coal (IGCC),2060,60
electricity,coal,coal (IGCC CCS),2060,60
electricity,gas,gas (steam/CT),2060,45
electricity,gas,gas (CC),2060,45
electricity,gas,gas (CC CCS),2060,45
electricity,refined liquids,refined liquids (steam/CT),2060,45
electricity,refined liquids,refined liquids (CC),2060,45
electricity,refined liquids,refined liquids (CC CCS),2060,45
electricity,biomass,biomass (conv),2060,60
electricity,biomass,biomass (conv CCS),2060,60
electricity,biomass,biomass (IGCC),2060,60
electricity,biomass,biomass (IGCC CCS),2060,60
electricity,nuclear,Gen_III,2060,60
electricity,wind,wind_storage,2060,30
electricity,solar,PV_storage,2060,30
electricity,solar,CSP_storage,2060,30
electricity,geothermal,geothermal,2060,30
electricity,offshore wind,offshore_wind_storage_global,2060,30
electricity,coal,coal (conv pul),2065,60
electricity,coal,coal (conv pul CCS),2065,60
electricity,coal,coal (IGCC),2065,60
electricity,coal,coal (IGCC CCS),2065,60
electricity,gas,gas (steam/CT),2065,45
electricity,gas,gas (CC),2065,45
electricity,gas,gas (CC CCS),2065,45
electricity,refined liquids,refined liquids (steam/CT),2065,45
electricity,refined liquids,refined liquids (CC),2065,45
electricity,refined liquids,refined liquids (CC CCS),2065,45
electricity,biomass,biomass (conv),2065,60
electricity,biomass,biomass (conv CCS),2065,60
electricity,biomass,biomass (IGCC),2065,60
electricity,biomass,biomass (IGCC CCS),2065,60
electricity,nuclear,Gen_III,2065,60
electricity,wind,wind_storage,2065,30
electricity,solar,PV_storage,2065,30
electricity,solar,CSP_storage,2065,30
electricity,geothermal,geothermal,2065,30
electricity,offshore wind,offshore_wind_storage_global,2065,30
electricity,coal,coal (conv pul),2070,60
electricity,coal,coal (conv pul CCS),2070,60
electricity,coal,coal (IGCC),2070,60
electricity,coal,coal (IGCC CCS),2070,60
electricity,gas,gas (steam/CT),2070,45
electricity,gas,gas (CC),2070,45
electricity,gas,gas (CC CCS),2070,45
electricity,refined liquids,refined liquids (steam/CT),2070,45
electricity,refined liquids,refined liquids (CC),2070,45
electricity,refined liquids,refined liquids (CC CCS),2070,45
electricity,biomass,biomass (conv),2070,60
electricity,biomass,biomass (conv CCS),2070,60
electricity,biomass,biomass (IGCC),2070,60
electricity,biomass,biomass (IGCC CCS),2070,60
electricity,nuclear,Gen_III,2070,60
electricity,wind,wind_storage,2070,30
electricity,solar,PV_storage,2070,30
electricity,solar,CSP_storage,2070,30
electricity,geothermal,geothermal,2070,30
electricity,offshore wind,offshore_wind_storage_global,2070,30
electricity,coal,coal (conv pul),2075,60
electricity,coal,coal (conv pul CCS),2075,60
electricity,coal,coal (IGCC),2075,60
electricity,coal,coal (IGCC CCS),2075,60
electricity,gas,gas (steam/CT),2075,45
electricity,gas,gas (CC),2075,45
electricity,gas,gas (CC CCS),2075,45
electricity,refined liquids,refined liquids (steam/CT),2075,45
electricity,refined liquids,refined liquids (CC),2075,45
electricity,refined liquids,refined liquids (CC CCS),2075,45
electricity,biomass,biomass (conv),2075,60
electricity,biomass,biomass (conv CCS),2075,60
electricity,biomass,biomass (IGCC),2075,60
electricity,biomass,biomass (IGCC CCS),2075,60
electricity,nuclear,Gen_III,2075,60
electricity,wind,wind_storage,2075,30
electricity,solar,PV_storage,2075,30
electricity,solar,CSP_storage,2075,30
electricity,geothermal,geothermal,2075,30
electricity,offshore wind,offshore_wind_storage_global,2075,30
electricity,coal,coal (conv pul),2080,60
electricity,coal,coal (conv pul CCS),2080,60
electricity,coal,coal (IGCC),2080,60
electricity,coal,coal (IGCC CCS),2080,60
electricity,gas,gas (steam/CT),2080,45
electricity,gas,gas (CC),2080,45
electricity,gas,gas (CC CCS),2080,45
electricity,refined liquids,refined liquids (steam/CT),2080,45
electricity,refined liquids,refined liquids (CC),2080,45
electricity,refined liquids,refined liquids (CC CCS),2080,45
electricity,biomass,biomass (conv),2080,60
electricity,biomass,biomass (conv CCS),2080,60
electricity,biomass,biomass (IGCC),2080,60
electricity,biomass,biomass (IGCC CCS),2080,60
electricity,nuclear,Gen_III,2080,60
electricity,wind,wind_storage,2080,30
electricity,solar,PV_storage,2080,30
electricity,solar,CSP_storage,2080,30
electricity,geothermal,geothermal,2080,30
electricity,offshore wind,offshore_wind_storage_global,2080,30
electricity,coal,coal (conv pul),2085,60
electricity,coal,coal (conv pul CCS),2085,60
electricity,coal,coal (IGCC),2085,60
electricity,coal,coal (IGCC CCS),2085,60
electricity,gas,gas (steam/CT),2085,45
electricity,gas,gas (CC),2085,45
electricity,gas,gas (CC CCS),2085,45
electricity,refined liquids,refined liquids (steam/CT),2085,45
electricity,refined liquids,refined liquids (CC),2085,45
electricity,refined liquids,refined liquids (CC CCS),2085,45
electricity,biomass,biomass (conv),2085,60
electricity,biomass,biomass (conv CCS),2085,60
electricity,biomass,biomass (IGCC),2085,60
electricity,biomass,biomass (IGCC CCS),2085,60
electricity,nuclear,Gen_III,2085,60
electricity,wind,wind_storage,2085,30
electricity,solar,PV_storage,2085,30
electricity,solar,CSP_storage,2085,30
electricity,geothermal,geothermal,2085,30
electricity,offshore wind,offshore_wind_storage_global,2085,30
electricity,coal,coal (conv pul),2090,60
electricity,coal,coal (conv pul CCS),2090,60
electricity,coal,coal (IGCC),2090,60
electricity,coal,coal (IGCC CCS),2090,60
electricity,gas,gas (steam/CT),2090,45
electricity,gas,gas (CC),2090,45
electricity,gas,gas (CC CCS),2090,45
electricity,refined liquids,refined liquids (steam/CT),2090,45
electricity,refined liquids,refined liquids (CC),2090,45
electricity,refined liquids,refined liquids (CC CCS),2090,45
electricity,biomass,biomass (conv),2090,60
electricity,biomass,biomass (conv CCS),2090,60
electricity,biomass,biomass (IGCC),2090,60
electricity,biomass,biomass (IGCC CCS),2090,60
electricity,nuclear,Gen_III,2090,60
electricity,wind,wind_storage,2090,30
electricity,solar,PV_storage,2090,30
electricity,solar,CSP_storage,2090,30
electricity,geothermal,geothermal,2090,30
electricity,offshore wind,offshore_wind_storage_global,2090,30
electricity,coal,coal (conv pul),2095,60
electricity,coal,coal (conv pul CCS),2095,60
electricity,coal,coal (IGCC),2095,60
electricity,coal,coal (IGCC CCS),2095,60
electricity,gas,gas (steam/CT),2095,45
electricity,gas,gas (CC),2095,45
electricity,gas,gas (CC CCS),2095,45
electricity,refined liquids,refined liquids (steam/CT),2095,45
electricity,refined liquids,refined liquids (CC),2095,45
electricity,refined liquids,refined liquids (CC CCS),2095,45
electricity,biomass,biomass (conv),2095,60
electricity,biomass,biomass (conv CCS),2095,60
electricity,biomass,biomass (IGCC),2095,60
electricity,biomass,biomass (IGCC CCS),2095,60
electricity,nuclear,Gen_III,2095,60
electricity,wind,wind_storage,2095,30
electricity,solar,PV_storage,2095,30
electricity,solar,CSP_storage,2095,30
electricity,geothermal,geothermal,2095,30
electricity,offshore wind,offshore_wind_storage_global,2095,30
electricity,coal,coal (conv pul),2100,60
electricity,coal,coal (conv pul CCS),2100,60
electricity,coal,coal (IGCC),2100,60
electricity,coal,coal (IGCC CCS),2100,60
electricity,gas,gas (steam/CT),2100,45
electricity,gas,gas (CC),2100,45
electricity,gas,gas (CC CCS),2100,45
electricity,refined liquids,refined liquids (steam/CT),2100,45
electricity,refined liquids,refined liquids (CC),2100,45
electricity,refined liquids,refined liquids (CC CCS),2100,45
electricity,biomass,biomass (conv),2100,60
electricity,biomass,biomass (conv CCS),2100,60
electricity,biomass,biomass (IGCC),2100,60
electricity,biomass,biomass (IGCC CCS),2100,60
electricity,nuclear,Gen_III,2100,60
electricity,wind,wind_storage,2100,30
electricity,solar,PV_storage,2100,30
electricity,solar,CSP_storage,2100,30
electricity,geothermal,geothermal,2100,30
electricity,offshore wind,offshore_wind_storage_global,2100,30
