INPUT_TABLE
Variable ID
StubTechFixOut

region,supplysector,subsector,stub.technology,year,fixedOutput,share.weight.year,subs.share.weight,tech.share.weight
USA,electricity,hydro,hydro,2015,0.954109,2015,0,0
Africa_Eastern,electricity,hydro,hydro,2015,0.0712437,2015,0,0
Africa_Northern,electricity,hydro,hydro,2015,0.0632959,2015,0,0
Africa_Southern,electricity,hydro,hydro,2015,0.1522258,2015,0,0
Africa_Western,electricity,hydro,hydro,2015,0.1397879,2015,0,0
Australia_NZ,electricity,hydro,hydro,2015,0.1395762,2015,0,0
Brazil,electricity,hydro,hydro,2015,1.4758043,2015,0,0
Canada,electricity,hydro,hydro,2015,1.306934,2015,0,0
Central America and Caribbean,electricity,hydro,hydro,2015,0.0891228,2015,0,0
Central Asia,electricity,hydro,hydro,2015,0.2367804,2015,0,0
China,electricity,hydro,hydro,2015,2.6426971,2015,0,0
EU-12,electricity,hydro,hydro,2015,0.1592917,2015,0,0
EU-15,electricity,hydro,hydro,2015,1.1471388,2015,0,0
Europe_Eastern,electricity,hydro,hydro,2015,0.0480941,2015,0,0
Europe_Non_EU,electricity,hydro,hydro,2015,0.3228829,2015,0,0
European Free Trade Association,electricity,hydro,hydro,2015,0.5839291,2015,0,0
India,electricity,hydro,hydro,2015,0.4478533,2015,0,0
Indonesia,electricity,hydro,hydro,2015,0.0643101,2015,0,0
Japan,electricity,hydro,hydro,2015,0.2949809,2015,0,0
Mexico,electricity,hydro,hydro,2015,0.1336356,2015,0,0
Middle East,electricity,hydro,hydro,2015,0.0855464,2015,0,0
Pakistan,electricity,hydro,hydro,2015,0.1177057,2015,0,0
Russia,electricity,hydro,hydro,2015,0.6366241,2015,0,0
South Africa,electricity,hydro,hydro,2015,0.007887,2015,0,0
South America_Northern,electricity,hydro,hydro,2015,0.2829051,2015,0,0
South America_Southern,electricity,hydro,hydro,2015,0.4466415,2015,0,0
South Asia,electricity,hydro,hydro,2015,0.0749133,2015,0,0
South Korea,electricity,hydro,hydro,2015,0.0151472,2015,0,0
Southeast Asia,electricity,hydro,hydro,2015,0.2649398,2015,0,0
Taiwan,electricity,hydro,hydro,2015,0.0154475,2015,0,0
Argentina,electricity,hydro,hydro,2015,0.1238679,2015,0,0
Colombia,electricity,hydro,hydro,2015,0.1520697,2015,0,0
USA,electricity,hydro,hydro,2020,0.9640604,2020,0,0
Africa_Eastern,electricity,hydro,hydro,2020,0.0885658,2020,0,0
Africa_Northern,electricity,hydro,hydro,2020,0.0662735,2020,0,0
Africa_Southern,electricity,hydro,hydro,2020,0.160649,2020,0,0
Africa_Western,electricity,hydro,hydro,2020,0.1657843,2020,0,0
Australia_NZ,electricity,hydro,hydro,2020,0.1452936,2020,0,0
Brazil,electricity,hydro,hydro,2020,1.4997683,2020,0,0
Canada,electricity,hydro,hydro,2020,1.34854,2020,0,0
Central America and Caribbean,electricity,hydro,hydro,2020,0.0927345,2020,0,0
Central Asia,electricity,hydro,hydro,2020,0.2560883,2020,0,0
China,electricity,hydro,hydro,2020,2.6850181,2020,0,0
EU-12,electricity,hydro,hydro,2020,0.1589918,2020,0,0
EU-15,electricity,hydro,hydro,2020,1.1352475,2020,0,0
Europe_Eastern,electricity,hydro,hydro,2020,0.0483945,2020,0,0
Europe_Non_EU,electricity,hydro,hydro,2020,0.3111243,2020,0,0
European Free Trade Association,electricity,hydro,hydro,2020,0.5695777,2020,0,0
India,electricity,hydro,hydro,2020,0.4837802,2020,0,0
Indonesia,electricity,hydro,hydro,2020,0.0649865,2020,0,0
Japan,electricity,hydro,hydro,2020,0.2939987,2020,0,0
Mexico,electricity,hydro,hydro,2020,0.1336356,2020,0,0
Middle East,electricity,hydro,hydro,2020,0.106966,2020,0,0
Pakistan,electricity,hydro,hydro,2020,0.1208919,2020,0,0
Russia,electricity,hydro,hydro,2020,0.6739094,2020,0,0
South Africa,electricity,hydro,hydro,2020,0.0080772,2020,0,0
South America_Northern,electricity,hydro,hydro,2020,0.286392,2020,0,0
South America_Southern,electricity,hydro,hydro,2020,0.4781993,2020,0,0
South Asia,electricity,hydro,hydro,2020,0.0787882,2020,0,0
South Korea,electricity,hydro,hydro,2020,0.0170392,2020,0,0
Southeast Asia,electricity,hydro,hydro,2020,0.2757474,2020,0,0
Taiwan,electricity,hydro,hydro,2020,0.0157965,2020,0,0
Argentina,electricity,hydro,hydro,2020,0.1268226,2020,0,0
Colombia,electricity,hydro,hydro,2020,0.1586957,2020,0,0
USA,electricity,hydro,hydro,2025,0.9740118,2025,0,0
Africa_Eastern,electricity,hydro,hydro,2025,0.1058879,2025,0,0
Africa_Northern,electricity,hydro,hydro,2025,0.0692511,2025,0,0
Africa_Southern,electricity,hydro,hydro,2025,0.1690723,2025,0,0
Africa_Western,electricity,hydro,hydro,2025,0.1917806,2025,0,0
Australia_NZ,electricity,hydro,hydro,2025,0.151011,2025,0,0
Brazil,electricity,hydro,hydro,2025,1.5237322,2025,0,0
Canada,electricity,hydro,hydro,2025,1.3901461,2025,0,0
Central America and Caribbean,electricity,hydro,hydro,2025,0.0963461,2025,0,0
Central Asia,electricity,hydro,hydro,2025,0.2753963,2025,0,0
China,electricity,hydro,hydro,2025,2.7273392,2025,0,0
EU-12,electricity,hydro,hydro,2025,0.1586919,2025,0,0
EU-15,electricity,hydro,hydro,2025,1.1233563,2025,0,0
Europe_Eastern,electricity,hydro,hydro,2025,0.048695,2025,0,0
Europe_Non_EU,electricity,hydro,hydro,2025,0.2993656,2025,0,0
European Free Trade Association,electricity,hydro,hydro,2025,0.5552264,2025,0,0
India,electricity,hydro,hydro,2025,0.5197071,2025,0,0
Indonesia,electricity,hydro,hydro,2025,0.065663,2025,0,0
Japan,electricity,hydro,hydro,2025,0.2930164,2025,0,0
Mexico,electricity,hydro,hydro,2025,0.1336356,2025,0,0
Middle East,electricity,hydro,hydro,2025,0.1283856,2025,0,0
Pakistan,electricity,hydro,hydro,2025,0.124078,2025,0,0
Russia,electricity,hydro,hydro,2025,0.7111946,2025,0,0
South Africa,electricity,hydro,hydro,2025,0.0082674,2025,0,0
South America_Northern,electricity,hydro,hydro,2025,0.289879,2025,0,0
South America_Southern,electricity,hydro,hydro,2025,0.5097572,2025,0,0
South Asia,electricity,hydro,hydro,2025,0.0826631,2025,0,0
South Korea,electricity,hydro,hydro,2025,0.0189311,2025,0,0
Southeast Asia,electricity,hydro,hydro,2025,0.2865551,2025,0,0
Taiwan,electricity,hydro,hydro,2025,0.0161456,2025,0,0
Argentina,electricity,hydro,hydro,2025,0.1297773,2025,0,0
Colombia,electricity,hydro,hydro,2025,0.1653218,2025,0,0
USA,electricity,hydro,hydro,2030,0.9839632,2030,0,0
Africa_Eastern,electricity,hydro,hydro,2030,0.12321,2030,0,0
Africa_Northern,electricity,hydro,hydro,2030,0.0722286,2030,0,0
Africa_Southern,electricity,hydro,hydro,2030,0.1774955,2030,0,0
Africa_Western,electricity,hydro,hydro,2030,0.217777,2030,0,0
Australia_NZ,electricity,hydro,hydro,2030,0.1567284,2030,0,0
Brazil,electricity,hydro,hydro,2030,1.5476961,2030,0,0
Canada,electricity,hydro,hydro,2030,1.4317521,2030,0,0
Central America and Caribbean,electricity,hydro,hydro,2030,0.0999578,2030,0,0
Central Asia,electricity,hydro,hydro,2030,0.2947043,2030,0,0
China,electricity,hydro,hydro,2030,2.7696603,2030,0,0
EU-12,electricity,hydro,hydro,2030,0.158392,2030,0,0
EU-15,electricity,hydro,hydro,2030,1.1114651,2030,0,0
Europe_Eastern,electricity,hydro,hydro,2030,0.0489954,2030,0,0
Europe_Non_EU,electricity,hydro,hydro,2030,0.2876069,2030,0,0
European Free Trade Association,electricity,hydro,hydro,2030,0.5408751,2030,0,0
India,electricity,hydro,hydro,2030,0.5556339,2030,0,0
Indonesia,electricity,hydro,hydro,2030,0.0663395,2030,0,0
Japan,electricity,hydro,hydro,2030,0.2920341,2030,0,0
Mexico,electricity,hydro,hydro,2030,0.1336356,2030,0,0
Middle East,electricity,hydro,hydro,2030,0.1498052,2030,0,0
Pakistan,electricity,hydro,hydro,2030,0.1272642,2030,0,0
Russia,electricity,hydro,hydro,2030,0.7484799,2030,0,0
South Africa,electricity,hydro,hydro,2030,0.0084576,2030,0,0
South America_Northern,electricity,hydro,hydro,2030,0.2933659,2030,0,0
South America_Southern,electricity,hydro,hydro,2030,0.541315,2030,0,0
South Asia,electricity,hydro,hydro,2030,0.0865381,2030,0,0
South Korea,electricity,hydro,hydro,2030,0.0208231,2030,0,0
Southeast Asia,electricity,hydro,hydro,2030,0.2973628,2030,0,0
Taiwan,electricity,hydro,hydro,2030,0.0164946,2030,0,0
Argentina,electricity,hydro,hydro,2030,0.1327319,2030,0,0
Colombia,electricity,hydro,hydro,2030,0.1719479,2030,0,0
USA,electricity,hydro,hydro,2035,0.9939146,2035,0,0
Africa_Eastern,electricity,hydro,hydro,2035,0.1405321,2035,0,0
Africa_Northern,electricity,hydro,hydro,2035,0.0752062,2035,0,0
Africa_Southern,electricity,hydro,hydro,2035,0.1859187,2035,0,0
Africa_Western,electricity,hydro,hydro,2035,0.2437734,2035,0,0
Australia_NZ,electricity,hydro,hydro,2035,0.1624458,2035,0,0
Brazil,electricity,hydro,hydro,2035,1.5716601,2035,0,0
Canada,electricity,hydro,hydro,2035,1.4733581,2035,0,0
Central America and Caribbean,electricity,hydro,hydro,2035,0.1035695,2035,0,0
Central Asia,electricity,hydro,hydro,2035,0.3140122,2035,0,0
China,electricity,hydro,hydro,2035,2.8119813,2035,0,0
EU-12,electricity,hydro,hydro,2035,0.1580921,2035,0,0
EU-15,electricity,hydro,hydro,2035,1.0995738,2035,0,0
Europe_Eastern,electricity,hydro,hydro,2035,0.0492959,2035,0,0
Europe_Non_EU,electricity,hydro,hydro,2035,0.2758483,2035,0,0
European Free Trade Association,electricity,hydro,hydro,2035,0.5265238,2035,0,0
India,electricity,hydro,hydro,2035,0.5915608,2035,0,0
Indonesia,electricity,hydro,hydro,2035,0.0670159,2035,0,0
Japan,electricity,hydro,hydro,2035,0.2910519,2035,0,0
Mexico,electricity,hydro,hydro,2035,0.1336356,2035,0,0
Middle East,electricity,hydro,hydro,2035,0.1712248,2035,0,0
Pakistan,electricity,hydro,hydro,2035,0.1304503,2035,0,0
Russia,electricity,hydro,hydro,2035,0.7857652,2035,0,0
South Africa,electricity,hydro,hydro,2035,0.0086478,2035,0,0
South America_Northern,electricity,hydro,hydro,2035,0.2968529,2035,0,0
South America_Southern,electricity,hydro,hydro,2035,0.5728729,2035,0,0
South Asia,electricity,hydro,hydro,2035,0.090413,2035,0,0
South Korea,electricity,hydro,hydro,2035,0.0227151,2035,0,0
Southeast Asia,electricity,hydro,hydro,2035,0.3081704,2035,0,0
Taiwan,electricity,hydro,hydro,2035,0.0168437,2035,0,0
Argentina,electricity,hydro,hydro,2035,0.1356866,2035,0,0
Colombia,electricity,hydro,hydro,2035,0.178574,2035,0,0
USA,electricity,hydro,hydro,2040,0.998283,2040,0,0
Africa_Eastern,electricity,hydro,hydro,2040,0.174952,2040,0,0
Africa_Northern,electricity,hydro,hydro,2040,0.0811228,2040,0,0
Africa_Southern,electricity,hydro,hydro,2040,0.2026561,2040,0,0
Africa_Western,electricity,hydro,hydro,2040,0.2954294,2040,0,0
Australia_NZ,electricity,hydro,hydro,2040,0.1696071,2040,0,0
Brazil,electricity,hydro,hydro,2040,1.6139704,2040,0,0
Canada,electricity,hydro,hydro,2040,1.4995688,2040,0,0
Central America and Caribbean,electricity,hydro,hydro,2040,0.1099462,2040,0,0
Central Asia,electricity,hydro,hydro,2040,0.3354603,2040,0,0
China,electricity,hydro,hydro,2040,2.9090434,2040,0,0
EU-12,electricity,hydro,hydro,2040,0.1636533,2040,0,0
EU-15,electricity,hydro,hydro,2040,1.1041528,2040,0,0
Europe_Eastern,electricity,hydro,hydro,2040,0.0496296,2040,0,0
Europe_Non_EU,electricity,hydro,hydro,2040,0.2918752,2040,0,0
European Free Trade Association,electricity,hydro,hydro,2040,0.53205,2040,0,0
India,electricity,hydro,hydro,2040,0.6548427,2040,0,0
Indonesia,electricity,hydro,hydro,2040,0.0690624,2040,0,0
Japan,electricity,hydro,hydro,2040,0.294216,2040,0,0
Mexico,electricity,hydro,hydro,2040,0.1336356,2040,0,0
Middle East,electricity,hydro,hydro,2040,0.2028657,2040,0,0
Pakistan,electricity,hydro,hydro,2040,0.1400893,2040,0,0
Russia,electricity,hydro,hydro,2040,0.8271831,2040,0,0
South Africa,electricity,hydro,hydro,2040,0.0090258,2040,0,0
South America_Northern,electricity,hydro,hydro,2040,0.3030094,2040,0,0
South America_Southern,electricity,hydro,hydro,2040,0.6285909,2040,0,0
South Asia,electricity,hydro,hydro,2040,0.1021358,2040,0,0
South Korea,electricity,hydro,hydro,2040,0.0258792,2040,0,0
Southeast Asia,electricity,hydro,hydro,2040,0.3385205,2040,0,0
Taiwan,electricity,hydro,hydro,2040,0.0178996,2040,0,0
Argentina,electricity,hydro,hydro,2040,0.1409034,2040,0,0
Colombia,electricity,hydro,hydro,2040,0.1902728,2040,0,0
USA,electricity,hydro,hydro,2045,1.0026515,2045,0,0
Africa_Eastern,electricity,hydro,hydro,2045,0.2093719,2045,0,0
Africa_Northern,electricity,hydro,hydro,2045,0.0870394,2045,0,0
Africa_Southern,electricity,hydro,hydro,2045,0.2193935,2045,0,0
Africa_Western,electricity,hydro,hydro,2045,0.3470855,2045,0,0
Australia_NZ,electricity,hydro,hydro,2045,0.1767685,2045,0,0
Brazil,electricity,hydro,hydro,2045,1.6562808,2045,0,0
Canada,electricity,hydro,hydro,2045,1.5257796,2045,0,0
Central America and Caribbean,electricity,hydro,hydro,2045,0.1163229,2045,0,0
Central Asia,electricity,hydro,hydro,2045,0.3569083,2045,0,0
China,electricity,hydro,hydro,2045,3.0061054,2045,0,0
EU-12,electricity,hydro,hydro,2045,0.1692145,2045,0,0
EU-15,electricity,hydro,hydro,2045,1.1087317,2045,0,0
Europe_Eastern,electricity,hydro,hydro,2045,0.0499634,2045,0,0
Europe_Non_EU,electricity,hydro,hydro,2045,0.3079022,2045,0,0
European Free Trade Association,electricity,hydro,hydro,2045,0.5375762,2045,0,0
India,electricity,hydro,hydro,2045,0.7181245,2045,0,0
Indonesia,electricity,hydro,hydro,2045,0.071109,2045,0,0
Japan,electricity,hydro,hydro,2045,0.2973801,2045,0,0
Mexico,electricity,hydro,hydro,2045,0.1336356,2045,0,0
Middle East,electricity,hydro,hydro,2045,0.2345066,2045,0,0
Pakistan,electricity,hydro,hydro,2045,0.1497283,2045,0,0
Russia,electricity,hydro,hydro,2045,0.868601,2045,0,0
South Africa,electricity,hydro,hydro,2045,0.0094037,2045,0,0
South America_Northern,electricity,hydro,hydro,2045,0.309166,2045,0,0
South America_Southern,electricity,hydro,hydro,2045,0.6843089,2045,0,0
South Asia,electricity,hydro,hydro,2045,0.1138586,2045,0,0
South Korea,electricity,hydro,hydro,2045,0.0290433,2045,0,0
Southeast Asia,electricity,hydro,hydro,2045,0.3688706,2045,0,0
Taiwan,electricity,hydro,hydro,2045,0.0189556,2045,0,0
Argentina,electricity,hydro,hydro,2045,0.1461201,2045,0,0
Colombia,electricity,hydro,hydro,2045,0.2019717,2045,0,0
USA,electricity,hydro,hydro,2050,1.0070199,2050,0,0
Africa_Eastern,electricity,hydro,hydro,2050,0.2437918,2050,0,0
Africa_Northern,electricity,hydro,hydro,2050,0.092956,2050,0,0
Africa_Southern,electricity,hydro,hydro,2050,0.2361309,2050,0,0
Africa_Western,electricity,hydro,hydro,2050,0.3987415,2050,0,0
Australia_NZ,electricity,hydro,hydro,2050,0.1839299,2050,0,0
Brazil,electricity,hydro,hydro,2050,1.6985911,2050,0,0
Canada,electricity,hydro,hydro,2050,1.5519903,2050,0,0
Central America and Caribbean,electricity,hydro,hydro,2050,0.1226997,2050,0,0
Central Asia,electricity,hydro,hydro,2050,0.3783563,2050,0,0
China,electricity,hydro,hydro,2050,3.1031675,2050,0,0
EU-12,electricity,hydro,hydro,2050,0.1747756,2050,0,0
EU-15,electricity,hydro,hydro,2050,1.1133106,2050,0,0
Europe_Eastern,electricity,hydro,hydro,2050,0.0502971,2050,0,0
Europe_Non_EU,electricity,hydro,hydro,2050,0.3239292,2050,0,0
European Free Trade Association,electricity,hydro,hydro,2050,0.5431025,2050,0,0
India,electricity,hydro,hydro,2050,0.7814064,2050,0,0
Indonesia,electricity,hydro,hydro,2050,0.0731555,2050,0,0
Japan,electricity,hydro,hydro,2050,0.3005442,2050,0,0
Mexico,electricity,hydro,hydro,2050,0.1336356,2050,0,0
Middle East,electricity,hydro,hydro,2050,0.2661476,2050,0,0
Pakistan,electricity,hydro,hydro,2050,0.1593673,2050,0,0
Russia,electricity,hydro,hydro,2050,0.910019,2050,0,0
South Africa,electricity,hydro,hydro,2050,0.0097816,2050,0,0
South America_Northern,electricity,hydro,hydro,2050,0.3153225,2050,0,0
South America_Southern,electricity,hydro,hydro,2050,0.7400269,2050,0,0
South Asia,electricity,hydro,hydro,2050,0.1255814,2050,0,0
South Korea,electricity,hydro,hydro,2050,0.0322074,2050,0,0
Southeast Asia,electricity,hydro,hydro,2050,0.3992207,2050,0,0
Taiwan,electricity,hydro,hydro,2050,0.0200116,2050,0,0
Argentina,electricity,hydro,hydro,2050,0.1513369,2050,0,0
Colombia,electricity,hydro,hydro,2050,0.2136706,2050,0,0
USA,electricity,hydro,hydro,2055,1.0113884,2055,0,0
Africa_Eastern,electricity,hydro,hydro,2055,0.2782116,2055,0,0
Africa_Northern,electricity,hydro,hydro,2055,0.0988726,2055,0,0
Africa_Southern,electricity,hydro,hydro,2055,0.2528682,2055,0,0
Africa_Western,electricity,hydro,hydro,2055,0.4503976,2055,0,0
Australia_NZ,electricity,hydro,hydro,2055,0.1910913,2055,0,0
Brazil,electricity,hydro,hydro,2055,1.7409014,2055,0,0
Canada,electricity,hydro,hydro,2055,1.578201,2055,0,0
Central America and Caribbean,electricity,hydro,hydro,2055,0.1290764,2055,0,0
Central Asia,electricity,hydro,hydro,2055,0.3998043,2055,0,0
China,electricity,hydro,hydro,2055,3.2002296,2055,0,0
EU-12,electricity,hydro,hydro,2055,0.1803368,2055,0,0
EU-15,electricity,hydro,hydro,2055,1.1178896,2055,0,0
Europe_Eastern,electricity,hydro,hydro,2055,0.0506309,2055,0,0
Europe_Non_EU,electricity,hydro,hydro,2055,0.3399561,2055,0,0
European Free Trade Association,electricity,hydro,hydro,2055,0.5486287,2055,0,0
India,electricity,hydro,hydro,2055,0.8446882,2055,0,0
Indonesia,electricity,hydro,hydro,2055,0.075202,2055,0,0
Japan,electricity,hydro,hydro,2055,0.3037082,2055,0,0
Mexico,electricity,hydro,hydro,2055,0.1336356,2055,0,0
Middle East,electricity,hydro,hydro,2055,0.2977885,2055,0,0
Pakistan,electricity,hydro,hydro,2055,0.1690064,2055,0,0
Russia,electricity,hydro,hydro,2055,0.9514369,2055,0,0
South Africa,electricity,hydro,hydro,2055,0.0101596,2055,0,0
South America_Northern,electricity,hydro,hydro,2055,0.321479,2055,0,0
South America_Southern,electricity,hydro,hydro,2055,0.795745,2055,0,0
South Asia,electricity,hydro,hydro,2055,0.1373042,2055,0,0
South Korea,electricity,hydro,hydro,2055,0.0353714,2055,0,0
Southeast Asia,electricity,hydro,hydro,2055,0.4295708,2055,0,0
Taiwan,electricity,hydro,hydro,2055,0.0210676,2055,0,0
Argentina,electricity,hydro,hydro,2055,0.1565536,2055,0,0
Colombia,electricity,hydro,hydro,2055,0.2253695,2055,0,0
USA,electricity,hydro,hydro,2060,1.0157568,2060,0,0
Africa_Eastern,electricity,hydro,hydro,2060,0.3126315,2060,0,0
Africa_Northern,electricity,hydro,hydro,2060,0.1047892,2060,0,0
Africa_Southern,electricity,hydro,hydro,2060,0.2696056,2060,0,0
Africa_Western,electricity,hydro,hydro,2060,0.5020536,2060,0,0
Australia_NZ,electricity,hydro,hydro,2060,0.1982527,2060,0,0
Brazil,electricity,hydro,hydro,2060,1.7832118,2060,0,0
Canada,electricity,hydro,hydro,2060,1.6044118,2060,0,0
Central America and Caribbean,electricity,hydro,hydro,2060,0.1354531,2060,0,0
Central Asia,electricity,hydro,hydro,2060,0.4212524,2060,0,0
China,electricity,hydro,hydro,2060,3.2972916,2060,0,0
EU-12,electricity,hydro,hydro,2060,0.185898,2060,0,0
EU-15,electricity,hydro,hydro,2060,1.1224685,2060,0,0
Europe_Eastern,electricity,hydro,hydro,2060,0.0509646,2060,0,0
Europe_Non_EU,electricity,hydro,hydro,2060,0.3559831,2060,0,0
European Free Trade Association,electricity,hydro,hydro,2060,0.5541549,2060,0,0
India,electricity,hydro,hydro,2060,0.9079701,2060,0,0
Indonesia,electricity,hydro,hydro,2060,0.0772485,2060,0,0
Japan,electricity,hydro,hydro,2060,0.3068723,2060,0,0
Mexico,electricity,hydro,hydro,2060,0.1336356,2060,0,0
Middle East,electricity,hydro,hydro,2060,0.3294294,2060,0,0
Pakistan,electricity,hydro,hydro,2060,0.1786454,2060,0,0
Russia,electricity,hydro,hydro,2060,0.9928548,2060,0,0
South Africa,electricity,hydro,hydro,2060,0.0105375,2060,0,0
South America_Northern,electricity,hydro,hydro,2060,0.3276355,2060,0,0
South America_Southern,electricity,hydro,hydro,2060,0.851463,2060,0,0
South Asia,electricity,hydro,hydro,2060,0.149027,2060,0,0
South Korea,electricity,hydro,hydro,2060,0.0385355,2060,0,0
Southeast Asia,electricity,hydro,hydro,2060,0.4599208,2060,0,0
Taiwan,electricity,hydro,hydro,2060,0.0221236,2060,0,0
Argentina,electricity,hydro,hydro,2060,0.1617704,2060,0,0
Colombia,electricity,hydro,hydro,2060,0.2370684,2060,0,0
USA,electricity,hydro,hydro,2065,1.0201253,2065,0,0
Africa_Eastern,electricity,hydro,hydro,2065,0.3470514,2065,0,0
Africa_Northern,electricity,hydro,hydro,2065,0.1107058,2065,0,0
Africa_Southern,electricity,hydro,hydro,2065,0.286343,2065,0,0
Africa_Western,electricity,hydro,hydro,2065,0.5537097,2065,0,0
Australia_NZ,electricity,hydro,hydro,2065,0.2054141,2065,0,0
Brazil,electricity,hydro,hydro,2065,1.8255221,2065,0,0
Canada,electricity,hydro,hydro,2065,1.6306225,2065,0,0
Central America and Caribbean,electricity,hydro,hydro,2065,0.1418298,2065,0,0
Central Asia,electricity,hydro,hydro,2065,0.4427004,2065,0,0
China,electricity,hydro,hydro,2065,3.3943537,2065,0,0
EU-12,electricity,hydro,hydro,2065,0.1914592,2065,0,0
EU-15,electricity,hydro,hydro,2065,1.1270474,2065,0,0
Europe_Eastern,electricity,hydro,hydro,2065,0.0512984,2065,0,0
Europe_Non_EU,electricity,hydro,hydro,2065,0.37201,2065,0,0
European Free Trade Association,electricity,hydro,hydro,2065,0.5596812,2065,0,0
India,electricity,hydro,hydro,2065,0.971252,2065,0,0
Indonesia,electricity,hydro,hydro,2065,0.079295,2065,0,0
Japan,electricity,hydro,hydro,2065,0.3100364,2065,0,0
Mexico,electricity,hydro,hydro,2065,0.1336356,2065,0,0
Middle East,electricity,hydro,hydro,2065,0.3610704,2065,0,0
Pakistan,electricity,hydro,hydro,2065,0.1882844,2065,0,0
Russia,electricity,hydro,hydro,2065,1.0342727,2065,0,0
South Africa,electricity,hydro,hydro,2065,0.0109155,2065,0,0
South America_Northern,electricity,hydro,hydro,2065,0.3337921,2065,0,0
South America_Southern,electricity,hydro,hydro,2065,0.907181,2065,0,0
South Asia,electricity,hydro,hydro,2065,0.1607498,2065,0,0
South Korea,electricity,hydro,hydro,2065,0.0416996,2065,0,0
Southeast Asia,electricity,hydro,hydro,2065,0.4902709,2065,0,0
Taiwan,electricity,hydro,hydro,2065,0.0231796,2065,0,0
Argentina,electricity,hydro,hydro,2065,0.1669871,2065,0,0
Colombia,electricity,hydro,hydro,2065,0.2487673,2065,0,0
USA,electricity,hydro,hydro,2070,1.0244938,2070,0,0
Africa_Eastern,electricity,hydro,hydro,2070,0.3814713,2070,0,0
Africa_Northern,electricity,hydro,hydro,2070,0.1166224,2070,0,0
Africa_Southern,electricity,hydro,hydro,2070,0.3030804,2070,0,0
Africa_Western,electricity,hydro,hydro,2070,0.6053657,2070,0,0
Australia_NZ,electricity,hydro,hydro,2070,0.2125754,2070,0,0
Brazil,electricity,hydro,hydro,2070,1.8678325,2070,0,0
Canada,electricity,hydro,hydro,2070,1.6568332,2070,0,0
Central America and Caribbean,electricity,hydro,hydro,2070,0.1482065,2070,0,0
Central Asia,electricity,hydro,hydro,2070,0.4641484,2070,0,0
China,electricity,hydro,hydro,2070,3.4914157,2070,0,0
EU-12,electricity,hydro,hydro,2070,0.1970203,2070,0,0
EU-15,electricity,hydro,hydro,2070,1.1316264,2070,0,0
Europe_Eastern,electricity,hydro,hydro,2070,0.0516321,2070,0,0
Europe_Non_EU,electricity,hydro,hydro,2070,0.388037,2070,0,0
European Free Trade Association,electricity,hydro,hydro,2070,0.5652074,2070,0,0
India,electricity,hydro,hydro,2070,1.0345338,2070,0,0
Indonesia,electricity,hydro,hydro,2070,0.0813415,2070,0,0
Japan,electricity,hydro,hydro,2070,0.3132005,2070,0,0
Mexico,electricity,hydro,hydro,2070,0.1336356,2070,0,0
Middle East,electricity,hydro,hydro,2070,0.3927113,2070,0,0
Pakistan,electricity,hydro,hydro,2070,0.1979234,2070,0,0
Russia,electricity,hydro,hydro,2070,1.0756906,2070,0,0
South Africa,electricity,hydro,hydro,2070,0.0112934,2070,0,0
South America_Northern,electricity,hydro,hydro,2070,0.3399486,2070,0,0
South America_Southern,electricity,hydro,hydro,2070,0.9628991,2070,0,0
South Asia,electricity,hydro,hydro,2070,0.1724726,2070,0,0
South Korea,electricity,hydro,hydro,2070,0.0448637,2070,0,0
Southeast Asia,electricity,hydro,hydro,2070,0.520621,2070,0,0
Taiwan,electricity,hydro,hydro,2070,0.0242355,2070,0,0
Argentina,electricity,hydro,hydro,2070,0.1722038,2070,0,0
Colombia,electricity,hydro,hydro,2070,0.2604662,2070,0,0
USA,electricity,hydro,hydro,2075,1.0288622,2075,0,0
Africa_Eastern,electricity,hydro,hydro,2075,0.4158911,2075,0,0
Africa_Northern,electricity,hydro,hydro,2075,0.122539,2075,0,0
Africa_Southern,electricity,hydro,hydro,2075,0.3198178,2075,0,0
Africa_Western,electricity,hydro,hydro,2075,0.6570218,2075,0,0
Australia_NZ,electricity,hydro,hydro,2075,0.2197368,2075,0,0
Brazil,electricity,hydro,hydro,2075,1.9101428,2075,0,0
Canada,electricity,hydro,hydro,2075,1.683044,2075,0,0
Central America and Caribbean,electricity,hydro,hydro,2075,0.1545833,2075,0,0
Central Asia,electricity,hydro,hydro,2075,0.4855965,2075,0,0
China,electricity,hydro,hydro,2075,3.5884778,2075,0,0
EU-12,electricity,hydro,hydro,2075,0.2025815,2075,0,0
EU-15,electricity,hydro,hydro,2075,1.1362053,2075,0,0
Europe_Eastern,electricity,hydro,hydro,2075,0.0519659,2075,0,0
Europe_Non_EU,electricity,hydro,hydro,2075,0.4040639,2075,0,0
European Free Trade Association,electricity,hydro,hydro,2075,0.5707337,2075,0,0
India,electricity,hydro,hydro,2075,1.0978157,2075,0,0
Indonesia,electricity,hydro,hydro,2075,0.083388,2075,0,0
Japan,electricity,hydro,hydro,2075,0.3163646,2075,0,0
Mexico,electricity,hydro,hydro,2075,0.1336356,2075,0,0
Middle East,electricity,hydro,hydro,2075,0.4243522,2075,0,0
Pakistan,electricity,hydro,hydro,2075,0.2075624,2075,0,0
Russia,electricity,hydro,hydro,2075,1.1171086,2075,0,0
South Africa,electricity,hydro,hydro,2075,0.0116714,2075,0,0
South America_Northern,electricity,hydro,hydro,2075,0.3461051,2075,0,0
South America_Southern,electricity,hydro,hydro,2075,1.0186171,2075,0,0
South Asia,electricity,hydro,hydro,2075,0.1841955,2075,0,0
South Korea,electricity,hydro,hydro,2075,0.0480278,2075,0,0
Southeast Asia,electricity,hydro,hydro,2075,0.5509711,2075,0,0
Taiwan,electricity,hydro,hydro,2075,0.0252915,2075,0,0
Argentina,electricity,hydro,hydro,2075,0.1774206,2075,0,0
Colombia,electricity,hydro,hydro,2075,0.2721651,2075,0,0
USA,electricity,hydro,hydro,2080,1.0332307,2080,0,0
Africa_Eastern,electricity,hydro,hydro,2080,0.450311,2080,0,0
Africa_Northern,electricity,hydro,hydro,2080,0.1284556,2080,0,0
Africa_Southern,electricity,hydro,hydro,2080,0.3365551,2080,0,0
Africa_Western,electricity,hydro,hydro,2080,0.7086778,2080,0,0
Australia_NZ,electricity,hydro,hydro,2080,0.2268982,2080,0,0
Brazil,electricity,hydro,hydro,2080,1.9524531,2080,0,0
Canada,electricity,hydro,hydro,2080,1.7092547,2080,0,0
Central America and Caribbean,electricity,hydro,hydro,2080,0.16096,2080,0,0
Central Asia,electricity,hydro,hydro,2080,0.5070445,2080,0,0
China,electricity,hydro,hydro,2080,3.6855398,2080,0,0
EU-12,electricity,hydro,hydro,2080,0.2081427,2080,0,0
EU-15,electricity,hydro,hydro,2080,1.1407842,2080,0,0
Europe_Eastern,electricity,hydro,hydro,2080,0.0522996,2080,0,0
Europe_Non_EU,electricity,hydro,hydro,2080,0.4200909,2080,0,0
European Free Trade Association,electricity,hydro,hydro,2080,0.5762599,2080,0,0
India,electricity,hydro,hydro,2080,1.1610975,2080,0,0
Indonesia,electricity,hydro,hydro,2080,0.0854345,2080,0,0
Japan,electricity,hydro,hydro,2080,0.3195287,2080,0,0
Mexico,electricity,hydro,hydro,2080,0.1336356,2080,0,0
Middle East,electricity,hydro,hydro,2080,0.4559931,2080,0,0
Pakistan,electricity,hydro,hydro,2080,0.2172014,2080,0,0
Russia,electricity,hydro,hydro,2080,1.1585265,2080,0,0
South Africa,electricity,hydro,hydro,2080,0.0120493,2080,0,0
South America_Northern,electricity,hydro,hydro,2080,0.3522616,2080,0,0
South America_Southern,electricity,hydro,hydro,2080,1.0743351,2080,0,0
South Asia,electricity,hydro,hydro,2080,0.1959183,2080,0,0
South Korea,electricity,hydro,hydro,2080,0.0511919,2080,0,0
Southeast Asia,electricity,hydro,hydro,2080,0.5813212,2080,0,0
Taiwan,electricity,hydro,hydro,2080,0.0263475,2080,0,0
Argentina,electricity,hydro,hydro,2080,0.1826373,2080,0,0
Colombia,electricity,hydro,hydro,2080,0.2838639,2080,0,0
USA,electricity,hydro,hydro,2085,1.0375991,2085,0,0
Africa_Eastern,electricity,hydro,hydro,2085,0.4847309,2085,0,0
Africa_Northern,electricity,hydro,hydro,2085,0.1343722,2085,0,0
Africa_Southern,electricity,hydro,hydro,2085,0.3532925,2085,0,0
Africa_Western,electricity,hydro,hydro,2085,0.7603339,2085,0,0
Australia_NZ,electricity,hydro,hydro,2085,0.2340596,2085,0,0
Brazil,electricity,hydro,hydro,2085,1.9947635,2085,0,0
Canada,electricity,hydro,hydro,2085,1.7354655,2085,0,0
Central America and Caribbean,electricity,hydro,hydro,2085,0.1673367,2085,0,0
Central Asia,electricity,hydro,hydro,2085,0.5284925,2085,0,0
China,electricity,hydro,hydro,2085,3.7826019,2085,0,0
EU-12,electricity,hydro,hydro,2085,0.2137039,2085,0,0
EU-15,electricity,hydro,hydro,2085,1.1453632,2085,0,0
Europe_Eastern,electricity,hydro,hydro,2085,0.0526334,2085,0,0
Europe_Non_EU,electricity,hydro,hydro,2085,0.4361179,2085,0,0
European Free Trade Association,electricity,hydro,hydro,2085,0.5817861,2085,0,0
India,electricity,hydro,hydro,2085,1.2243794,2085,0,0
Indonesia,electricity,hydro,hydro,2085,0.0874811,2085,0,0
Japan,electricity,hydro,hydro,2085,0.3226928,2085,0,0
Mexico,electricity,hydro,hydro,2085,0.1336356,2085,0,0
Middle East,electricity,hydro,hydro,2085,0.4876341,2085,0,0
Pakistan,electricity,hydro,hydro,2085,0.2268404,2085,0,0
Russia,electricity,hydro,hydro,2085,1.1999444,2085,0,0
South Africa,electricity,hydro,hydro,2085,0.0124272,2085,0,0
South America_Northern,electricity,hydro,hydro,2085,0.3584182,2085,0,0
South America_Southern,electricity,hydro,hydro,2085,1.1300532,2085,0,0
South Asia,electricity,hydro,hydro,2085,0.2076411,2085,0,0
South Korea,electricity,hydro,hydro,2085,0.054356,2085,0,0
Southeast Asia,electricity,hydro,hydro,2085,0.6116712,2085,0,0
Taiwan,electricity,hydro,hydro,2085,0.0274035,2085,0,0
Argentina,electricity,hydro,hydro,2085,0.1878541,2085,0,0
Colombia,electricity,hydro,hydro,2085,0.2955628,2085,0,0
USA,electricity,hydro,hydro,2090,1.0419676,2090,0,0
Africa_Eastern,electricity,hydro,hydro,2090,0.5191508,2090,0,0
Africa_Northern,electricity,hydro,hydro,2090,0.1402887,2090,0,0
Africa_Southern,electricity,hydro,hydro,2090,0.3700299,2090,0,0
Africa_Western,electricity,hydro,hydro,2090,0.8119899,2090,0,0
Australia_NZ,electricity,hydro,hydro,2090,0.241221,2090,0,0
Brazil,electricity,hydro,hydro,2090,2.0370738,2090,0,0
Canada,electricity,hydro,hydro,2090,1.7616762,2090,0,0
Central America and Caribbean,electricity,hydro,hydro,2090,0.1737134,2090,0,0
Central Asia,electricity,hydro,hydro,2090,0.5499405,2090,0,0
China,electricity,hydro,hydro,2090,3.8796639,2090,0,0
EU-12,electricity,hydro,hydro,2090,0.219265,2090,0,0
EU-15,electricity,hydro,hydro,2090,1.1499421,2090,0,0
Europe_Eastern,electricity,hydro,hydro,2090,0.0529671,2090,0,0
Europe_Non_EU,electricity,hydro,hydro,2090,0.4521448,2090,0,0
European Free Trade Association,electricity,hydro,hydro,2090,0.5873124,2090,0,0
India,electricity,hydro,hydro,2090,1.2876612,2090,0,0
Indonesia,electricity,hydro,hydro,2090,0.0895276,2090,0,0
Japan,electricity,hydro,hydro,2090,0.3258569,2090,0,0
Mexico,electricity,hydro,hydro,2090,0.1336356,2090,0,0
Middle East,electricity,hydro,hydro,2090,0.519275,2090,0,0
Pakistan,electricity,hydro,hydro,2090,0.2364795,2090,0,0
Russia,electricity,hydro,hydro,2090,1.2413623,2090,0,0
South Africa,electricity,hydro,hydro,2090,0.0128052,2090,0,0
South America_Northern,electricity,hydro,hydro,2090,0.3645747,2090,0,0
South America_Southern,electricity,hydro,hydro,2090,1.1857712,2090,0,0
South Asia,electricity,hydro,hydro,2090,0.2193639,2090,0,0
South Korea,electricity,hydro,hydro,2090,0.0575201,2090,0,0
Southeast Asia,electricity,hydro,hydro,2090,0.6420213,2090,0,0
Taiwan,electricity,hydro,hydro,2090,0.0284595,2090,0,0
Argentina,electricity,hydro,hydro,2090,0.1930708,2090,0,0
Colombia,electricity,hydro,hydro,2090,0.3072617,2090,0,0
USA,electricity,hydro,hydro,2095,1.046336,2095,0,0
Africa_Eastern,electricity,hydro,hydro,2095,0.5535706,2095,0,0
Africa_Northern,electricity,hydro,hydro,2095,0.1462053,2095,0,0
Africa_Southern,electricity,hydro,hydro,2095,0.3867673,2095,0,0
Africa_Western,electricity,hydro,hydro,2095,0.863646,2095,0,0
Australia_NZ,electricity,hydro,hydro,2095,0.2483824,2095,0,0
Brazil,electricity,hydro,hydro,2095,2.0793842,2095,0,0
Canada,electricity,hydro,hydro,2095,1.7878869,2095,0,0
Central America and Caribbean,electricity,hydro,hydro,2095,0.1800901,2095,0,0
Central Asia,electricity,hydro,hydro,2095,0.5713886,2095,0,0
China,electricity,hydro,hydro,2095,3.976726,2095,0,0
EU-12,electricity,hydro,hydro,2095,0.2248262,2095,0,0
EU-15,electricity,hydro,hydro,2095,1.154521,2095,0,0
Europe_Eastern,electricity,hydro,hydro,2095,0.0533009,2095,0,0
Europe_Non_EU,electricity,hydro,hydro,2095,0.4681718,2095,0,0
European Free Trade Association,electricity,hydro,hydro,2095,0.5928386,2095,0,0
India,electricity,hydro,hydro,2095,1.3509431,2095,0,0
Indonesia,electricity,hydro,hydro,2095,0.0915741,2095,0,0
Japan,electricity,hydro,hydro,2095,0.329021,2095,0,0
Mexico,electricity,hydro,hydro,2095,0.1336356,2095,0,0
Middle East,electricity,hydro,hydro,2095,0.5509159,2095,0,0
Pakistan,electricity,hydro,hydro,2095,0.2461185,2095,0,0
Russia,electricity,hydro,hydro,2095,1.2827802,2095,0,0
South Africa,electricity,hydro,hydro,2095,0.0131831,2095,0,0
South America_Northern,electricity,hydro,hydro,2095,0.3707312,2095,0,0
South America_Southern,electricity,hydro,hydro,2095,1.2414892,2095,0,0
South Asia,electricity,hydro,hydro,2095,0.2310867,2095,0,0
South Korea,electricity,hydro,hydro,2095,0.0606842,2095,0,0
Southeast Asia,electricity,hydro,hydro,2095,0.6723714,2095,0,0
Taiwan,electricity,hydro,hydro,2095,0.0295155,2095,0,0
Argentina,electricity,hydro,hydro,2095,0.1982876,2095,0,0
Colombia,electricity,hydro,hydro,2095,0.3189606,2095,0,0
USA,electricity,hydro,hydro,2100,1.046336,2100,0,0
Africa_Eastern,electricity,hydro,hydro,2100,0.5535706,2100,0,0
Africa_Northern,electricity,hydro,hydro,2100,0.1462053,2100,0,0
Africa_Southern,electricity,hydro,hydro,2100,0.3867673,2100,0,0
Africa_Western,electricity,hydro,hydro,2100,0.863646,2100,0,0
Australia_NZ,electricity,hydro,hydro,2100,0.2483824,2100,0,0
Brazil,electricity,hydro,hydro,2100,2.0793842,2100,0,0
Canada,electricity,hydro,hydro,2100,1.7878869,2100,0,0
Central America and Caribbean,electricity,hydro,hydro,2100,0.1800901,2100,0,0
Central Asia,electricity,hydro,hydro,2100,0.5713886,2100,0,0
China,electricity,hydro,hydro,2100,3.976726,2100,0,0
EU-12,electricity,hydro,hydro,2100,0.2248262,2100,0,0
EU-15,electricity,hydro,hydro,2100,1.154521,2100,0,0
Europe_Eastern,electricity,hydro,hydro,2100,0.0533009,2100,0,0
Europe_Non_EU,electricity,hydro,hydro,2100,0.4681718,2100,0,0
European Free Trade Association,electricity,hydro,hydro,2100,0.5928386,2100,0,0
India,electricity,hydro,hydro,2100,1.3509431,2100,0,0
Indonesia,electricity,hydro,hydro,2100,0.0915741,2100,0,0
Japan,electricity,hydro,hydro,2100,0.329021,2100,0,0
Mexico,electricity,hydro,hydro,2100,0.1336356,2100,0,0
Middle East,electricity,hydro,hydro,2100,0.5509159,2100,0,0
Pakistan,electricity,hydro,hydro,2100,0.2461185,2100,0,0
Russia,electricity,hydro,hydro,2100,1.2827802,2100,0,0
South Africa,electricity,hydro,hydro,2100,0.0131831,2100,0,0
South America_Northern,electricity,hydro,hydro,2100,0.3707312,2100,0,0
South America_Southern,electricity,hydro,hydro,2100,1.2414892,2100,0,0
South Asia,electricity,hydro,hydro,2100,0.2310867,2100,0,0
South Korea,electricity,hydro,hydro,2100,0.0606842,2100,0,0
Southeast Asia,electricity,hydro,hydro,2100,0.6723714,2100,0,0
Taiwan,electricity,hydro,hydro,2100,0.0295155,2100,0,0
Argentina,electricity,hydro,hydro,2100,0.1982876,2100,0,0
Colombia,electricity,hydro,hydro,2100,0.3189606,2100,0,0
