INPUT_TABLE,,,,,
Variable ID,,,,,
GlobalIntTechOMfixed,,,,,
,,,,,
sector.name,subsector.name,intermittent.technology,year,input.OM.fixed,OM.fixed
electricity,wind,wind,1975,OM-fixed,3.75
electricity,solar,PV,1975,OM-fixed,8.93
electricity,solar,CSP,1975,OM-fixed,16.62
elect_td_bld,rooftop_pv,rooftop_pv,1975,OM-fixed,46.77
electricity,offshore wind,offshore wind global,1975,OM-fixed,35.32332564
electricity,wind,wind,1990,OM-fixed,3.75
electricity,solar,PV,1990,OM-fixed,8.93
electricity,solar,CSP,1990,OM-fixed,16.62
elect_td_bld,rooftop_pv,rooftop_pv,1990,OM-fixed,46.77
electricity,offshore wind,offshore wind global,1990,OM-fixed,35.32332564
electricity,wind,wind,2005,OM-fixed,3.75
electricity,solar,PV,2005,OM-fixed,8.93
electricity,solar,CSP,2005,OM-fixed,16.62
elect_td_bld,rooftop_pv,rooftop_pv,2005,OM-fixed,46.77
electricity,offshore wind,offshore wind global,2005,OM-fixed,35.32332564
electricity,wind,wind,2010,OM-fixed,15.49
electricity,solar,PV,2010,OM-fixed,12.39
electricity,solar,CSP,2010,OM-fixed,17.04
elect_td_bld,rooftop_pv,rooftop_pv,2010,OM-fixed,18.59
electricity,offshore wind,offshore wind global,2010,OM-fixed,35.32332564
electricity,wind,wind,2015,OM-fixed,15.49
electricity,solar,PV,2015,OM-fixed,12.39
electricity,solar,CSP,2015,OM-fixed,17.04
elect_td_bld,rooftop_pv,rooftop_pv,2015,OM-fixed,18.59
electricity,offshore wind,offshore wind global,2015,OM-fixed,35.32332564
electricity,wind,wind,2020,OM-fixed,14.83
electricity,solar,PV,2020,OM-fixed,11.87
electricity,solar,CSP,2020,OM-fixed,15.5
elect_td_bld,rooftop_pv,rooftop_pv,2020,OM-fixed,17.8
electricity,offshore wind,offshore wind global,2020,OM-fixed,33.78505178
electricity,wind,wind,2025,OM-fixed,14.27
electricity,solar,PV,2025,OM-fixed,11.42
electricity,solar,CSP,2025,OM-fixed,14.31
elect_td_bld,rooftop_pv,rooftop_pv,2025,OM-fixed,17.13
electricity,offshore wind,offshore wind global,2025,OM-fixed,32.53164345
electricity,wind,wind,2030,OM-fixed,13.79
electricity,solar,PV,2030,OM-fixed,11.03
electricity,solar,CSP,2030,OM-fixed,13.38
elect_td_bld,rooftop_pv,rooftop_pv,2030,OM-fixed,16.54
electricity,offshore wind,offshore wind global,2030,OM-fixed,31.39218133
electricity,wind,wind,2035,OM-fixed,13.37
electricity,solar,PV,2035,OM-fixed,10.7
electricity,solar,CSP,2035,OM-fixed,12.67
elect_td_bld,rooftop_pv,rooftop_pv,2035,OM-fixed,16.05
electricity,offshore wind,offshore wind global,2035,OM-fixed,30.48061164
electricity,wind,wind,2040,OM-fixed,13.01
electricity,solar,PV,2040,OM-fixed,10.41
electricity,solar,CSP,2040,OM-fixed,12.12
elect_td_bld,rooftop_pv,rooftop_pv,2040,OM-fixed,15.62
electricity,offshore wind,offshore wind global,2040,OM-fixed,29.68298815
electricity,wind,wind,2045,OM-fixed,12.71
electricity,solar,PV,2045,OM-fixed,10.17
electricity,solar,CSP,2045,OM-fixed,11.69
elect_td_bld,rooftop_pv,rooftop_pv,2045,OM-fixed,15.25
electricity,offshore wind,offshore wind global,2045,OM-fixed,28.94233778
electricity,wind,wind,2050,OM-fixed,12.44
electricity,solar,PV,2050,OM-fixed,9.96
electricity,solar,CSP,2050,OM-fixed,11.36
elect_td_bld,rooftop_pv,rooftop_pv,2050,OM-fixed,14.93
electricity,offshore wind,offshore wind global,2050,OM-fixed,28.37260672
electricity,wind,wind,2055,OM-fixed,12.22
electricity,solar,PV,2055,OM-fixed,9.77
electricity,solar,CSP,2055,OM-fixed,11.1
elect_td_bld,rooftop_pv,rooftop_pv,2055,OM-fixed,14.66
electricity,offshore wind,offshore wind global,2055,OM-fixed,27.85984877
electricity,wind,wind,2060,OM-fixed,12.02
electricity,solar,PV,2060,OM-fixed,9.62
electricity,solar,CSP,2060,OM-fixed,10.9
elect_td_bld,rooftop_pv,rooftop_pv,2060,OM-fixed,14.43
electricity,offshore wind,offshore wind global,2060,OM-fixed,27.40406392
electricity,wind,wind,2065,OM-fixed,11.86
electricity,solar,PV,2065,OM-fixed,9.49
electricity,solar,CSP,2065,OM-fixed,10.75
elect_td_bld,rooftop_pv,rooftop_pv,2065,OM-fixed,14.23
electricity,offshore wind,offshore wind global,2065,OM-fixed,27.00525218
electricity,wind,wind,2070,OM-fixed,11.71
electricity,solar,PV,2070,OM-fixed,9.37
electricity,solar,CSP,2070,OM-fixed,10.63
elect_td_bld,rooftop_pv,rooftop_pv,2070,OM-fixed,14.06
electricity,offshore wind,offshore wind global,2070,OM-fixed,26.72038665
electricity,wind,wind,2075,OM-fixed,11.59
electricity,solar,PV,2075,OM-fixed,9.27
electricity,solar,CSP,2075,OM-fixed,10.54
elect_td_bld,rooftop_pv,rooftop_pv,2075,OM-fixed,13.91
electricity,offshore wind,offshore wind global,2075,OM-fixed,26.43552112
electricity,wind,wind,2080,OM-fixed,11.49
electricity,solar,PV,2080,OM-fixed,9.19
electricity,solar,CSP,2080,OM-fixed,10.47
elect_td_bld,rooftop_pv,rooftop_pv,2080,OM-fixed,13.78
electricity,offshore wind,offshore wind global,2080,OM-fixed,26.15065559
electricity,wind,wind,2085,OM-fixed,11.4
electricity,solar,PV,2085,OM-fixed,9.12
electricity,solar,CSP,2085,OM-fixed,10.41
elect_td_bld,rooftop_pv,rooftop_pv,2085,OM-fixed,13.67
electricity,offshore wind,offshore wind global,2085,OM-fixed,25.97973627
electricity,wind,wind,2090,OM-fixed,11.32
electricity,solar,PV,2090,OM-fixed,9.05
electricity,solar,CSP,2090,OM-fixed,10.37
elect_td_bld,rooftop_pv,rooftop_pv,2090,OM-fixed,13.58
electricity,offshore wind,offshore wind global,2090,OM-fixed,25.80881696
electricity,wind,wind,2095,OM-fixed,11.25
electricity,solar,PV,2095,OM-fixed,9
electricity,solar,CSP,2095,OM-fixed,10.34
elect_td_bld,rooftop_pv,rooftop_pv,2095,OM-fixed,13.5
electricity,offshore wind,offshore wind global,2095,OM-fixed,25.63789764
electricity,wind,wind,2100,OM-fixed,11.19
electricity,solar,PV,2100,OM-fixed,8.95
electricity,solar,CSP,2100,OM-fixed,10.31
elect_td_bld,rooftop_pv,rooftop_pv,2100,OM-fixed,13.43
electricity,offshore wind,offshore wind global,2100,OM-fixed,25.52395143
