INPUT_TABLE,Unnamed: 1,Unnamed: 2,Unnamed: 3,Unnamed: 4,Unnamed: 5
Variable ID,,,,,
GlobalTechOMfixed,,,,,
,,,,,
sector.name,subsector.name,technology,year,input.OM.fixed,OM.fixed
electricity,wind,wind_storage,1975,OM-fixed,8.63
electricity,wind,wind_storage,1990,OM-fixed,8.63
electricity,wind,wind_storage,2005,OM-fixed,8.63
electricity,wind,wind_storage,2010,OM-fixed,18.59
electricity,wind,wind_storage,2015,OM-fixed,18.59
electricity,wind,wind_storage,2020,OM-fixed,17.8
electricity,wind,wind_storage,2025,OM-fixed,17.13
electricity,wind,wind_storage,2030,OM-fixed,16.54
electricity,wind,wind_storage,2035,OM-fixed,16.05
electricity,wind,wind_storage,2040,OM-fixed,15.62
electricity,wind,wind_storage,2045,OM-fixed,15.25
electricity,wind,wind_storage,2050,OM-fixed,14.93
electricity,wind,wind_storage,2055,OM-fixed,14.66
electricity,wind,wind_storage,2060,OM-fixed,14.43
electricity,wind,wind_storage,2065,OM-fixed,14.23
electricity,wind,wind_storage,2070,OM-fixed,14.06
electricity,wind,wind_storage,2075,OM-fixed,13.91
electricity,wind,wind_storage,2080,OM-fixed,13.78
electricity,wind,wind_storage,2085,OM-fixed,13.67
electricity,wind,wind_storage,2090,OM-fixed,13.58
electricity,wind,wind_storage,2095,OM-fixed,13.5
electricity,wind,wind_storage,2100,OM-fixed,13.43
