INPUT_TABLE,Unnamed: 1,Unnamed: 2,Unnamed: 3,Unnamed: 4,Unnamed: 5,Unnamed: 6
Variable ID,,,,,,
GlobalIntTechCapital,,,,,,
,,,,,,
sector.name,subsector.name,intermittent.technology,year,input.capital,capital.overnight,fixed.charge.rate
electricity,wind,wind,1975,capital,611,0.13
electricity,wind,wind,1990,capital,494,0.13
electricity,wind,wind,2005,capital,380,0.13
electricity,wind,wind,2010,capital,620,0.13
electricity,wind,wind,2015,capital,620,0.13
electricity,wind,wind,2020,capital,593,0.13
electricity,wind,wind,2025,capital,571,0.13
electricity,wind,wind,2030,capital,551,0.13
electricity,wind,wind,2035,capital,535,0.13
electricity,wind,wind,2040,capital,521,0.13
electricity,wind,wind,2045,capital,508,0.13
electricity,wind,wind,2050,capital,498,0.13
electricity,wind,wind,2055,capital,489,0.13
electricity,wind,wind,2060,capital,481,0.13
electricity,wind,wind,2065,capital,474,0.13
electricity,wind,wind,2070,capital,469,0.13
electricity,wind,wind,2075,capital,464,0.13
electricity,wind,wind,2080,capital,459,0.13
electricity,wind,wind,2085,capital,456,0.13
electricity,wind,wind,2090,capital,453,0.13
electricity,wind,wind,2095,capital,450,0.13
electricity,wind,wind,2100,capital,448,0.13
