INPUT_TABLE,Unnamed: 1,Unnamed: 2,Unnamed: 3,Unnamed: 4
Variable ID,,,,
GlobalTechCapFac,,,,
,,,,
sector.name,subsector.name,technology,year,capacity.factor
electricity,wind,wind_storage,1975,0.37
electricity,wind,wind_storage,1990,0.37
electricity,wind,wind_storage,2005,0.37
electricity,wind,wind_storage,2010,0.37
electricity,wind,wind_storage,2015,0.37
electricity,wind,wind_storage,2020,0.37
electricity,wind,wind_storage,2025,0.37
electricity,wind,wind_storage,2030,0.37
electricity,wind,wind_storage,2035,0.37
electricity,wind,wind_storage,2040,0.37
electricity,wind,wind_storage,2045,0.37
electricity,wind,wind_storage,2050,0.37
electricity,wind,wind_storage,2055,0.37
electricity,wind,wind_storage,2060,0.37
electricity,wind,wind_storage,2065,0.37
electricity,wind,wind_storage,2070,0.37
electricity,wind,wind_storage,2075,0.37
electricity,wind,wind_storage,2080,0.37
electricity,wind,wind_storage,2085,0.37
electricity,wind,wind_storage,2090,0.37
electricity,wind,wind_storage,2095,0.37
electricity,wind,wind_storage,2100,0.37
