INPUT_TABLE,Unnamed: 1,Unnamed: 2,Unnamed: 3,Unnamed: 4
Variable ID,,,,
GlobalIntTechShrwt,,,,
,,,,
sector.name,subsector.name,intermittent.technology,year,share.weight
electricity,wind,wind,1975,1
electricity,wind,wind,1990,1
electricity,wind,wind,2005,1
electricity,wind,wind,2010,1
electricity,wind,wind,2015,1
electricity,wind,wind,2020,1
electricity,wind,wind,2025,1
electricity,wind,wind,2030,1
electricity,wind,wind,2035,1
electricity,wind,wind,2040,1
electricity,wind,wind,2045,1
electricity,wind,wind,2050,1
electricity,wind,wind,2055,1
electricity,wind,wind,2060,1
electricity,wind,wind,2065,1
electricity,wind,wind,2070,1
electricity,wind,wind,2075,1
electricity,wind,wind,2080,1
electricity,wind,wind,2085,1
electricity,wind,wind,2090,1
electricity,wind,wind,2095,1
electricity,wind,wind,2100,1
