INPUT_TABLE,Unnamed: 1,Unnamed: 2,Unnamed: 3,Unnamed: 4
Variable ID,,,,
SubsectorShrwtFllt,,,,
,,,,
region,supplysector,subsector,year.fillout,share.weight
USA,electricity,wind,2100,1
Africa_Eastern,electricity,wind,2100,1
Africa_Northern,electricity,wind,2100,1
Africa_Southern,electricity,wind,2100,1
Africa_Western,electricity,wind,2100,1
Australia_NZ,electricity,wind,2100,1
Brazil,electricity,wind,2100,1
Canada,electricity,wind,2100,1
Central America and Caribbean,electricity,wind,2100,1
Central Asia,electricity,wind,2100,1
China,electricity,wind,2100,1
EU-12,electricity,wind,2100,1
EU-15,electricity,wind,2100,1
Europe_Eastern,electricity,wind,2100,1
Europe_Non_EU,electricity,wind,2100,1
European Free Trade Association,electricity,wind,2100,1
India,electricity,wind,2100,1
Indonesia,electricity,wind,2100,1
Japan,electricity,wind,2100,1
Mexico,electricity,wind,2100,1
Middle East,electricity,wind,2100,1
Pakistan,electricity,wind,2100,1
Russia,electricity,wind,2100,1
South Africa,electricity,wind,2100,1
South America_Northern,electricity,wind,2100,1
South America_Southern,electricity,wind,2100,1
South Asia,electricity,wind,2100,1
South Korea,electricity,wind,2100,1
Southeast Asia,electricity,wind,2100,1
Taiwan,electricity,wind,2100,1
Argentina,electricity,wind,2100,1
Colombia,electricity,wind,2100,1
