INPUT_TABLE,Unnamed: 1,Unnamed: 2,Unnamed: 3,Unnamed: 4
Variable ID,,,,
GlobalIntTechLifetime,,,,
,,,,
sector.name,subsector.name,intermittent.technology,year,lifetime
electricity,wind,wind,2010,30
electricity,wind,wind,2015,30
electricity,wind,wind,2020,30
electricity,wind,wind,2025,30
electricity,wind,wind,2030,30
electricity,wind,wind,2035,30
electricity,wind,wind,2040,30
electricity,wind,wind,2045,30
electricity,wind,wind,2050,30
electricity,wind,wind,2055,30
electricity,wind,wind,2060,30
electricity,wind,wind,2065,30
electricity,wind,wind,2070,30
electricity,wind,wind,2075,30
electricity,wind,wind,2080,30
electricity,wind,wind,2085,30
electricity,wind,wind,2090,30
electricity,wind,wind,2095,30
electricity,wind,wind,2100,30
