INPUT_TABLE,Unnamed: 1,Unnamed: 2,Unnamed: 3,Unnamed: 4,Unnamed: 5,Unnamed: 6
Variable ID,,,,,,
GlobalTechCapital,,,,,,
,,,,,,
sector.name,subsector.name,technology,year,input.capital,capital.overnight,fixed.charge.rate
electricity,wind,wind_storage,1975,capital,1473,0.13
electricity,wind,wind_storage,1990,capital,1191,0.13
electricity,wind,wind_storage,2005,capital,916,0.13
electricity,wind,wind_storage,2010,capital,1797,0.13
electricity,wind,wind_storage,2015,capital,1797,0.13
electricity,wind,wind_storage,2020,capital,1721,0.13
electricity,wind,wind_storage,2025,capital,1655,0.13
electricity,wind,wind_storage,2030,capital,1599,0.13
electricity,wind,wind_storage,2035,capital,1551,0.13
electricity,wind,wind_storage,2040,capital,1510,0.13
electricity,wind,wind_storage,2045,capital,1474,0.13
electricity,wind,wind_storage,2050,capital,1444,0.13
electricity,wind,wind_storage,2055,capital,1417,0.13
electricity,wind,wind_storage,2060,capital,1395,0.13
electricity,wind,wind_storage,2065,capital,1375,0.13
electricity,wind,wind_storage,2070,capital,1359,0.13
electricity,wind,wind_storage,2075,capital,1345,0.13
electricity,wind,wind_storage,2080,capital,1332,0.13
electricity,wind,wind_storage,2085,capital,1322,0.13
electricity,wind,wind_storage,2090,capital,1313,0.13
electricity,wind,wind_storage,2095,capital,1305,0.13
electricity,wind,wind_storage,2100,capital,1298,0.13
