INPUT_TABLE,Unnamed: 1,Unnamed: 2,Unnamed: 3,Unnamed: 4
Variable ID,,,,
SubsectorLogit,,,,
,,,,
region,supplysector,subsector,logit.year.fillout,logit.exponent
USA,electricity,wind,1975,-6
Africa_Eastern,electricity,wind,1975,-6
Africa_Northern,electricity,wind,1975,-6
Africa_Southern,electricity,wind,1975,-6
Africa_Western,electricity,wind,1975,-6
Australia_NZ,electricity,wind,1975,-6
Brazil,electricity,wind,1975,-6
Canada,electricity,wind,1975,-6
Central America and Caribbean,electricity,wind,1975,-6
Central Asia,electricity,wind,1975,-6
China,electricity,wind,1975,-6
EU-12,electricity,wind,1975,-6
EU-15,electricity,wind,1975,-6
Europe_Eastern,electricity,wind,1975,-6
Europe_Non_EU,electricity,wind,1975,-6
European Free Trade Association,electricity,wind,1975,-6
India,electricity,wind,1975,-6
Indonesia,electricity,wind,1975,-6
Japan,electricity,wind,1975,-6
Mexico,electricity,wind,1975,-6
Middle East,electricity,wind,1975,-6
Pakistan,electricity,wind,1975,-6
Russia,electricity,wind,1975,-6
South Africa,electricity,wind,1975,-6
South America_Northern,electricity,wind,1975,-6
South America_Southern,electricity,wind,1975,-6
South Asia,electricity,wind,1975,-6
South Korea,electricity,wind,1975,-6
Southeast Asia,electricity,wind,1975,-6
Taiwan,electricity,wind,1975,-6
Argentina,electricity,wind,1975,-6
Colombia,electricity,wind,1975,-6
