INPUT_TABLE,Unnamed: 1,Unnamed: 2,Unnamed: 3
Variable ID,,,
SubsectorLogit_relative-cost-logit,,,
,,,
region,supplysector,subsector,logit.type
USA,electricity,wind,relative-cost-logit
Africa_Eastern,electricity,wind,relative-cost-logit
Africa_Northern,electricity,wind,relative-cost-logit
Africa_Southern,electricity,wind,relative-cost-logit
Africa_Western,electricity,wind,relative-cost-logit
Australia_NZ,electricity,wind,relative-cost-logit
Brazil,electricity,wind,relative-cost-logit
Canada,electricity,wind,relative-cost-logit
Central America and Caribbean,electricity,wind,relative-cost-logit
Central Asia,electricity,wind,relative-cost-logit
China,electricity,wind,relative-cost-logit
EU-12,electricity,wind,relative-cost-logit
EU-15,electricity,wind,relative-cost-logit
Europe_Eastern,electricity,wind,relative-cost-logit
Europe_Non_EU,electricity,wind,relative-cost-logit
European Free Trade Association,electricity,wind,relative-cost-logit
India,electricity,wind,relative-cost-logit
Indonesia,electricity,wind,relative-cost-logit
Japan,electricity,wind,relative-cost-logit
Mexico,electricity,wind,relative-cost-logit
Middle East,electricity,wind,relative-cost-logit
Pakistan,electricity,wind,relative-cost-logit
Russia,electricity,wind,relative-cost-logit
South Africa,electricity,wind,relative-cost-logit
South America_Northern,electricity,wind,relative-cost-logit
South America_Southern,electricity,wind,relative-cost-logit
South Asia,electricity,wind,relative-cost-logit
South Korea,electricity,wind,relative-cost-logit
Southeast Asia,electricity,wind,relative-cost-logit
Taiwan,electricity,wind,relative-cost-logit
Argentina,electricity,wind,relative-cost-logit
Colombia,electricity,wind,relative-cost-logit
