INPUT_TABLE,Unnamed: 1,Unnamed: 2,Unnamed: 3,Unnamed: 4
Variable ID,,,,
PrimaryRenewKeyword,,,,
,,,,
sector.name,subsector.name,technology,year,primary.renewable
electricity,wind,wind_storage,1975,wind-elect
electricity,wind,wind_storage,1990,wind-elect
electricity,wind,wind_storage,2005,wind-elect
electricity,wind,wind_storage,2010,wind-elect
electricity,wind,wind_storage,2015,wind-elect
electricity,wind,wind_storage,2020,wind-elect
electricity,wind,wind_storage,2025,wind-elect
electricity,wind,wind_storage,2030,wind-elect
electricity,wind,wind_storage,2035,wind-elect
electricity,wind,wind_storage,2040,wind-elect
electricity,wind,wind_storage,2045,wind-elect
electricity,wind,wind_storage,2050,wind-elect
electricity,wind,wind_storage,2055,wind-elect
electricity,wind,wind_storage,2060,wind-elect
electricity,wind,wind_storage,2065,wind-elect
electricity,wind,wind_storage,2070,wind-elect
electricity,wind,wind_storage,2075,wind-elect
electricity,wind,wind_storage,2080,wind-elect
electricity,wind,wind_storage,2085,wind-elect
electricity,wind,wind_storage,2090,wind-elect
electricity,wind,wind_storage,2095,wind-elect
electricity,wind,wind_storage,2100,wind-elect
