INPUT_TABLE,Unnamed: 1,Unnamed: 2,Unnamed: 3,Unnamed: 4
Variable ID,,,,
GlobalTechShrwt,,,,
,,,,
sector.name,subsector.name,technology,year,share.weight
electricity,wind,wind_storage,1975,0
electricity,wind,wind_storage,1990,0
electricity,wind,wind_storage,2005,0
electricity,wind,wind_storage,2010,0
electricity,wind,wind_storage,2015,1
electricity,wind,wind_storage,2020,1
electricity,wind,wind_storage,2025,1
electricity,wind,wind_storage,2030,1
electricity,wind,wind_storage,2035,1
electricity,wind,wind_storage,2040,1
electricity,wind,wind_storage,2045,1
electricity,wind,wind_storage,2050,1
electricity,wind,wind_storage,2055,1
electricity,wind,wind_storage,2060,1
electricity,wind,wind_storage,2065,1
electricity,wind,wind_storage,2070,1
electricity,wind,wind_storage,2075,1
electricity,wind,wind_storage,2080,1
electricity,wind,wind_storage,2085,1
electricity,wind,wind_storage,2090,1
electricity,wind,wind_storage,2095,1
electricity,wind,wind_storage,2100,1
