INPUT_TABLE,Unnamed: 1,Unnamed: 2,Unnamed: 3,Unnamed: 4
Variable ID,,,,
GlobalTechLifetime,,,,
,,,,
sector.name,subsector.name,technology,year,lifetime
electricity,wind,wind_storage,2015,30
electricity,wind,wind_storage,2020,30
electricity,wind,wind_storage,2025,30
electricity,wind,wind_storage,2030,30
electricity,wind,wind_storage,2035,30
electricity,wind,wind_storage,2040,30
electricity,wind,wind_storage,2045,30
electricity,wind,wind_storage,2050,30
electricity,wind,wind_storage,2055,30
electricity,wind,wind_storage,2060,30
electricity,wind,wind_storage,2065,30
electricity,wind,wind_storage,2070,30
electricity,wind,wind_storage,2075,30
electricity,wind,wind_storage,2080,30
electricity,wind,wind_storage,2085,30
electricity,wind,wind_storage,2090,30
electricity,wind,wind_storage,2095,30
electricity,wind,wind_storage,2100,30
