INPUT_TABLE,Unnamed: 1,Unnamed: 2,Unnamed: 3,Unnamed: 4,Unnamed: 5,Unnamed: 6,Unnamed: 7,Unnamed: 8,Unnamed: 9,Unnamed: 10
Variable ID,,,,,,,,,,
GlobalIntTechBackup,,,,,,,,,,
,,,,,,,,,,
sector.name,subsector.name,technology,year,electric.sector.name,trial.market.name,backup.capital.cost,backup.capacity.factor,capacity.limit,minicam.energy.input,minicam.non.energy.input
electricity,wind,wind,1975,electricity,renewable,36,0.05,0.55,backup_electricity,backup-cap-cost
electricity,wind,wind,1990,electricity,renewable,36,0.05,0.55,backup_electricity,backup-cap-cost
electricity,wind,wind,2005,electricity,renewable,36,0.05,0.55,backup_electricity,backup-cap-cost
electricity,wind,wind,2010,electricity,renewable,36,0.05,0.55,backup_electricity,backup-cap-cost
electricity,wind,wind,2015,electricity,renewable,36,0.05,0.55,backup_electricity,backup-cap-cost
electricity,wind,wind,2020,electricity,renewable,36,0.05,0.55,backup_electricity,backup-cap-cost
electricity,wind,wind,2025,electricity,renewable,36,0.05,0.55,backup_electricity,backup-cap-cost
electricity,wind,wind,2030,electricity,renewable,36,0.05,0.55,backup_electricity,backup-cap-cost
electricity,wind,wind,2035,electricity,renewable,36,0.05,0.55,backup_electricity,backup-cap-cost
electricity,wind,wind,2040,electricity,renewable,36,0.05,0.55,backup_electricity,backup-cap-cost
electricity,wind,wind,2045,electricity,renewable,36,0.05,0.55,backup_electricity,backup-cap-cost
electricity,wind,wind,2050,electricity,renewable,36,0.05,0.55,backup_electricity,backup-cap-cost
electricity,wind,wind,2055,electricity,renewable,36,0.05,0.55,backup_electricity,backup-cap-cost
electricity,wind,wind,2060,electricity,renewable,36,0.05,0.55,backup_electricity,backup-cap-cost
electricity,wind,wind,2065,electricity,renewable,36,0.05,0.55,backup_electricity,backup-cap-cost
electricity,wind,wind,2070,electricity,renewable,36,0.05,0.55,backup_electricity,backup-cap-cost
electricity,wind,wind,2075,electricity,renewable,36,0.05,0.55,backup_electricity,backup-cap-cost
electricity,wind,wind,2080,electricity,renewable,36,0.05,0.55,backup_electricity,backup-cap-cost
electricity,wind,wind,2085,electricity,renewable,36,0.05,0.55,backup_electricity,backup-cap-cost
electricity,wind,wind,2090,electricity,renewable,36,0.05,0.55,backup_electricity,backup-cap-cost
electricity,wind,wind,2095,electricity,renewable,36,0.05,0.55,backup_electricity,backup-cap-cost
electricity,wind,wind,2100,electricity,renewable,36,0.05,0.55,backup_electricity,backup-cap-cost
