INPUT_TABLE,Unnamed: 1,Unnamed: 2,Unnamed: 3
Variable ID,,,
StubTech,,,
,,,
region,supplysector,subsector,stub.technology
USA,electricity,wind,wind
USA,electricity,wind,wind_storage
Africa_Eastern,electricity,wind,wind
Africa_Eastern,electricity,wind,wind_storage
Africa_Northern,electricity,wind,wind
Africa_Northern,electricity,wind,wind_storage
Africa_Southern,electricity,wind,wind
Africa_Southern,electricity,wind,wind_storage
Africa_Western,electricity,wind,wind
Africa_Western,electricity,wind,wind_storage
Australia_NZ,electricity,wind,wind
Australia_NZ,electricity,wind,wind_storage
Brazil,electricity,wind,wind
Brazil,electricity,wind,wind_storage
Canada,electricity,wind,wind
Canada,electricity,wind,wind_storage
Central America and Caribbean,electricity,wind,wind
Central America and Caribbean,electricity,wind,wind_storage
Central Asia,electricity,wind,wind
Central Asia,electricity,wind,wind_storage
China,electricity,wind,wind
China,electricity,wind,wind_storage
EU-12,electricity,wind,wind
EU-12,electricity,wind,wind_storage
EU-15,electricity,wind,wind
EU-15,electricity,wind,wind_storage
Europe_Eastern,electricity,wind,wind
Europe_Eastern,electricity,wind,wind_storage
Europe_Non_EU,electricity,wind,wind
Europe_Non_EU,electricity,wind,wind_storage
European Free Trade Association,electricity,wind,wind
European Free Trade Association,electricity,wind,wind_storage
India,electricity,wind,wind
India,electricity,wind,wind_storage
Indonesia,electricity,wind,wind
Indonesia,electricity,wind,wind_storage
Japan,electricity,wind,wind
Japan,electricity,wind,wind_storage
Mexico,electricity,wind,wind
Mexico,electricity,wind,wind_storage
Middle East,electricity,wind,wind
Middle East,electricity,wind,wind_storage
Pakistan,electricity,wind,wind
Pakistan,electricity,wind,wind_storage
Russia,electricity,wind,wind
Russia,electricity,wind,wind_storage
South Africa,electricity,wind,wind
South Africa,electricity,wind,wind_storage
South America_Northern,electricity,wind,wind
South America_Northern,electricity,wind,wind_storage
South America_Southern,electricity,wind,wind
South America_Southern,electricity,wind,wind_storage
South Asia,electricity,wind,wind
South Asia,electricity,wind,wind_storage
South Korea,electricity,wind,wind
South Korea,electricity,wind,wind_storage
Southeast Asia,electricity,wind,wind
Southeast Asia,electricity,wind,wind_storage
Taiwan,electricity,wind,wind
Taiwan,electricity,wind,wind_storage
Argentina,electricity,wind,wind
Argentina,electricity,wind,wind_storage
Colombia,electricity,wind,wind
Colombia,electricity,wind,wind_storage
