INPUT_TABLE,Unnamed: 1,Unnamed: 2,Unnamed: 3,Unnamed: 4,Unnamed: 5
Variable ID,,,,,
GlobalTechOMvar,,,,,
,,,,,
sector.name,subsector.name,technology,year,input.OM.var,OM.var
electricity,wind,wind_storage,1975,OM-var,3.91
electricity,wind,wind_storage,1990,OM-var,3.91
electricity,wind,wind_storage,2005,OM-var,3.91
electricity,wind,wind_storage,2010,OM-var,0
electricity,wind,wind_storage,2015,OM-var,0
electricity,wind,wind_storage,2020,OM-var,0
electricity,wind,wind_storage,2025,OM-var,0
electricity,wind,wind_storage,2030,OM-var,0
electricity,wind,wind_storage,2035,OM-var,0
electricity,wind,wind_storage,2040,OM-var,0
electricity,wind,wind_storage,2045,OM-var,0
electricity,wind,wind_storage,2050,OM-var,0
electricity,wind,wind_storage,2055,OM-var,0
electricity,wind,wind_storage,2060,OM-var,0
electricity,wind,wind_storage,2065,OM-var,0
electricity,wind,wind_storage,2070,OM-var,0
electricity,wind,wind_storage,2075,OM-var,0
electricity,wind,wind_storage,2080,OM-var,0
electricity,wind,wind_storage,2085,OM-var,0
electricity,wind,wind_storage,2090,OM-var,0
electricity,wind,wind_storage,2095,OM-var,0
electricity,wind,wind_storage,2100,OM-var,0
