INPUT_TABLE,Unnamed: 1,Unnamed: 2,Unnamed: 3,Unnamed: 4,Unnamed: 5
Variable ID,,,,,
GlobalTechEff,,,,,
,,,,,
sector.name,subsector.name,technology,year,minicam.energy.input,efficiency
electricity,wind,wind_storage,1975,onshore wind resource,0.96
electricity,wind,wind_storage,1990,onshore wind resource,0.96
electricity,wind,wind_storage,2005,onshore wind resource,0.96
electricity,wind,wind_storage,2010,onshore wind resource,0.96
electricity,wind,wind_storage,2015,onshore wind resource,0.96
electricity,wind,wind_storage,2020,onshore wind resource,0.96
electricity,wind,wind_storage,2025,onshore wind resource,0.96
electricity,wind,wind_storage,2030,onshore wind resource,0.96
electricity,wind,wind_storage,2035,onshore wind resource,0.96
electricity,wind,wind_storage,2040,onshore wind resource,0.96
electricity,wind,wind_storage,2045,onshore wind resource,0.96
electricity,wind,wind_storage,2050,onshore wind resource,0.96
electricity,wind,wind_storage,2055,onshore wind resource,0.96
electricity,wind,wind_storage,2060,onshore wind resource,0.96
electricity,wind,wind_storage,2065,onshore wind resource,0.96
electricity,wind,wind_storage,2070,onshore wind resource,0.96
electricity,wind,wind_storage,2075,onshore wind resource,0.96
electricity,wind,wind_storage,2080,onshore wind resource,0.96
electricity,wind,wind_storage,2085,onshore wind resource,0.96
electricity,wind,wind_storage,2090,onshore wind resource,0.96
electricity,wind,wind_storage,2095,onshore wind resource,0.96
electricity,wind,wind_storage,2100,onshore wind resource,0.96
