INPUT_TABLE,Unnamed: 1,Unnamed: 2,Unnamed: 3,Unnamed: 4,Unnamed: 5
Variable ID,,,,,
GlobalIntTechOMfixed,,,,,
,,,,,
sector.name,subsector.name,intermittent.technology,year,input.OM.fixed,OM.fixed
electricity,wind,wind,1975,OM-fixed,3.75
electricity,wind,wind,1990,OM-fixed,3.75
electricity,wind,wind,2005,OM-fixed,3.75
electricity,wind,wind,2010,OM-fixed,15.49
electricity,wind,wind,2015,OM-fixed,15.49
electricity,wind,wind,2020,OM-fixed,14.83
electricity,wind,wind,2025,OM-fixed,14.27
electricity,wind,wind,2030,OM-fixed,13.79
electricity,wind,wind,2035,OM-fixed,13.37
electricity,wind,wind,2040,OM-fixed,13.01
electricity,wind,wind,2045,OM-fixed,12.71
electricity,wind,wind,2050,OM-fixed,12.44
electricity,wind,wind,2055,OM-fixed,12.22
electricity,wind,wind,2060,OM-fixed,12.02
electricity,wind,wind,2065,OM-fixed,11.86
electricity,wind,wind,2070,OM-fixed,11.71
electricity,wind,wind,2075,OM-fixed,11.59
electricity,wind,wind,2080,OM-fixed,11.49
electricity,wind,wind,2085,OM-fixed,11.4
electricity,wind,wind,2090,OM-fixed,11.32
electricity,wind,wind,2095,OM-fixed,11.25
electricity,wind,wind,2100,OM-fixed,11.19
