INPUT_TABLE,Unnamed: 1,Unnamed: 2,Unnamed: 3,Unnamed: 4
Variable ID,,,,
GlobalIntTechCapFac,,,,
,,,,
sector.name,subsector.name,intermittent.technology,year,capacity.factor
electricity,wind,wind,1975,0.37
electricity,wind,wind,1990,0.37
electricity,wind,wind,2005,0.37
electricity,wind,wind,2010,0.37
electricity,wind,wind,2015,0.37
electricity,wind,wind,2020,0.37
electricity,wind,wind,2025,0.37
electricity,wind,wind,2030,0.37
electricity,wind,wind,2035,0.37
electricity,wind,wind,2040,0.37
electricity,wind,wind,2045,0.37
electricity,wind,wind,2050,0.37
electricity,wind,wind,2055,0.37
electricity,wind,wind,2060,0.37
electricity,wind,wind,2065,0.37
electricity,wind,wind,2070,0.37
electricity,wind,wind,2075,0.37
electricity,wind,wind,2080,0.37
electricity,wind,wind,2085,0.37
electricity,wind,wind,2090,0.37
electricity,wind,wind,2095,0.37
electricity,wind,wind,2100,0.37
