INPUT_TABLE,Unnamed: 1,Unnamed: 2,Unnamed: 3,Unnamed: 4
Variable ID,,,,
PrimaryRenewKeywordInt,,,,
,,,,
sector.name,subsector.name,intermittent.technology,year,primary.renewable
electricity,wind,wind,1975,wind-elect
electricity,wind,wind,1990,wind-elect
electricity,wind,wind,2005,wind-elect
electricity,wind,wind,2010,wind-elect
electricity,wind,wind,2015,wind-elect
electricity,wind,wind,2020,wind-elect
electricity,wind,wind,2025,wind-elect
electricity,wind,wind,2030,wind-elect
electricity,wind,wind,2035,wind-elect
electricity,wind,wind,2040,wind-elect
electricity,wind,wind,2045,wind-elect
electricity,wind,wind,2050,wind-elect
electricity,wind,wind,2055,wind-elect
electricity,wind,wind,2060,wind-elect
electricity,wind,wind,2065,wind-elect
electricity,wind,wind,2070,wind-elect
electricity,wind,wind,2075,wind-elect
electricity,wind,wind,2080,wind-elect
electricity,wind,wind,2085,wind-elect
electricity,wind,wind,2090,wind-elect
electricity,wind,wind,2095,wind-elect
electricity,wind,wind,2100,wind-elect
