INPUT_TABLE,Unnamed: 1,Unnamed: 2,Unnamed: 3,Unnamed: 4,Unnamed: 5,Unnamed: 6
Variable ID,,,,,,
SubsectorInterp,,,,,,
,,,,,,
region,supplysector,subsector,apply.to,from.year,to.year,interpolation.function
USA,electricity,wind,share-weight,2010,2100,linear
Africa_Eastern,electricity,wind,share-weight,2010,2100,linear
Africa_Northern,electricity,wind,share-weight,2010,2100,linear
Africa_Southern,electricity,wind,share-weight,2010,2100,linear
Africa_Western,electricity,wind,share-weight,2010,2100,linear
Australia_NZ,electricity,wind,share-weight,2010,2100,linear
Brazil,electricity,wind,share-weight,2010,2100,linear
Canada,electricity,wind,share-weight,2010,2100,linear
Central America and Caribbean,electricity,wind,share-weight,2010,2100,linear
Central Asia,electricity,wind,share-weight,2010,2100,linear
China,electricity,wind,share-weight,2010,2100,linear
EU-12,electricity,wind,share-weight,2010,2100,linear
EU-15,electricity,wind,share-weight,2010,2100,linear
Europe_Eastern,electricity,wind,share-weight,2010,2100,linear
Europe_Non_EU,electricity,wind,share-weight,2010,2100,linear
European Free Trade Association,electricity,wind,share-weight,2010,2100,linear
India,electricity,wind,share-weight,2010,2100,linear
Indonesia,electricity,wind,share-weight,2010,2100,linear
Japan,electricity,wind,share-weight,2010,2100,linear
Mexico,electricity,wind,share-weight,2010,2100,linear
Middle East,electricity,wind,share-weight,2010,2100,linear
Pakistan,electricity,wind,share-weight,2010,2100,linear
Russia,electricity,wind,share-weight,2010,2100,linear
South Africa,electricity,wind,share-weight,2010,2100,linear
South America_Northern,electricity,wind,share-weight,2010,2100,linear
South America_Southern,electricity,wind,share-weight,2010,2100,linear
South Asia,electricity,wind,share-weight,2010,2100,linear
South Korea,electricity,wind,share-weight,2010,2100,linear
Southeast Asia,electricity,wind,share-weight,2010,2100,linear
Taiwan,electricity,wind,share-weight,2010,2100,linear
Argentina,electricity,wind,share-weight,2010,2100,linear
Colombia,electricity,wind,share-weight,2010,2100,linear
