INPUT_TABLE,Unnamed: 1,Unnamed: 2,Unnamed: 3,Unnamed: 4,Unnamed: 5,Unnamed: 6,Unnamed: 7,Unnamed: 8
Variable ID,,,,,,,,
StubTechProd,,,,,,,,
,,,,,,,,
region,supplysector,subsector,stub.technology,year,calOutputValue,share.weight.year,subs.share.weight,share.weight
USA,electricity,wind,wind,1975,0,1975,0,0
Africa_Eastern,electricity,wind,wind,1975,0,1975,0,0
Africa_Northern,electricity,wind,wind,1975,0,1975,0,0
Africa_Southern,electricity,wind,wind,1975,0,1975,0,0
Africa_Western,electricity,wind,wind,1975,0,1975,0,0
Australia_NZ,electricity,wind,wind,1975,0,1975,0,0
Brazil,electricity,wind,wind,1975,0,1975,0,0
Canada,electricity,wind,wind,1975,0,1975,0,0
Central America and Caribbean,electricity,wind,wind,1975,0,1975,0,0
Central Asia,electricity,wind,wind,1975,0,1975,0,0
China,electricity,wind,wind,1975,0,1975,0,0
EU-12,electricity,wind,wind,1975,0,1975,0,0
EU-15,electricity,wind,wind,1975,0,1975,0,0
Europe_Eastern,electricity,wind,wind,1975,0,1975,0,0
Europe_Non_EU,electricity,wind,wind,1975,0,1975,0,0
European Free Trade Association,electricity,wind,wind,1975,0,1975,0,0
India,electricity,wind,wind,1975,0,1975,0,0
Indonesia,electricity,wind,wind,1975,0,1975,0,0
Japan,electricity,wind,wind,1975,0,1975,0,0
Mexico,electricity,wind,wind,1975,0,1975,0,0
Middle East,electricity,wind,wind,1975,0,1975,0,0
Pakistan,electricity,wind,wind,1975,0,1975,0,0
Russia,electricity,wind,wind,1975,0,1975,0,0
South Africa,electricity,wind,wind,1975,0,1975,0,0
South America_Northern,electricity,wind,wind,1975,0,1975,0,0
South America_Southern,electricity,wind,wind,1975,0,1975,0,0
South Asia,electricity,wind,wind,1975,0,1975,0,0
South Korea,electricity,wind,wind,1975,0,1975,0,0
Southeast Asia,electricity,wind,wind,1975,0,1975,0,0
Taiwan,electricity,wind,wind,1975,0,1975,0,0
Argentina,electricity,wind,wind,1975,0,1975,0,0
Colombia,electricity,wind,wind,1975,0,1975,0,0
USA,electricity,wind,wind,1990,0.0110376,1990,1,1
Africa_Eastern,electricity,wind,wind,1990,0,1990,0,0
Africa_Northern,electricity,wind,wind,1990,0,1990,0,0
Africa_Southern,electricity,wind,wind,1990,0,1990,0,0
Africa_Western,electricity,wind,wind,1990,0,1990,0,0
Australia_NZ,electricity,wind,wind,1990,0,1990,0,0
Brazil,electricity,wind,wind,1990,0,1990,0,0
Canada,electricity,wind,wind,1990,0,1990,0,0
Central America and Caribbean,electricity,wind,wind,1990,0,1990,0,0
Central Asia,electricity,wind,wind,1990,0,1990,0,0
China,electricity,wind,wind,1990,7.2e-06,1990,1,1
EU-12,electricity,wind,wind,1990,0,1990,0,0
EU-15,electricity,wind,wind,1990,0.0028008,1990,1,1
Europe_Eastern,electricity,wind,wind,1990,0,1990,0,0
Europe_Non_EU,electricity,wind,wind,1990,0,1990,0,0
European Free Trade Association,electricity,wind,wind,1990,0,1990,0,0
India,electricity,wind,wind,1990,0.0001152,1990,1,1
Indonesia,electricity,wind,wind,1990,0,1990,0,0
Japan,electricity,wind,wind,1990,0,1990,0,0
Mexico,electricity,wind,wind,1990,3.6e-06,1990,1,1
Middle East,electricity,wind,wind,1990,3.6e-06,1990,1,1
Pakistan,electricity,wind,wind,1990,0,1990,0,0
Russia,electricity,wind,wind,1990,0,1990,0,0
South Africa,electricity,wind,wind,1990,0,1990,0,0
South America_Northern,electricity,wind,wind,1990,0,1990,0,0
South America_Southern,electricity,wind,wind,1990,0,1990,0,0
South Asia,electricity,wind,wind,1990,0,1990,0,0
South Korea,electricity,wind,wind,1990,0,1990,0,0
Southeast Asia,electricity,wind,wind,1990,0,1990,0,0
Taiwan,electricity,wind,wind,1990,0,1990,0,0
Argentina,electricity,wind,wind,1990,0,1990,0,0
Colombia,electricity,wind,wind,1990,0,1990,0,0
USA,electricity,wind,wind,2005,0.0643716,2005,1,1
Africa_Eastern,electricity,wind,wind,2005,1.11e-05,2005,1,1
Africa_Northern,electricity,wind,wind,2005,0.0028801,2005,1,1
Africa_Southern,electricity,wind,wind,2005,2.4e-06,2005,1,1
Africa_Western,electricity,wind,wind,2005,1.17e-05,2005,1,1
Australia_NZ,electricity,wind,wind,2005,0.0053964,2005,1,1
Brazil,electricity,wind,wind,2005,0.0003348,2005,1,1
Canada,electricity,wind,wind,2005,0.0052956,2005,1,1
Central America and Caribbean,electricity,wind,wind,2005,0.0009144,2005,1,1
Central Asia,electricity,wind,wind,2005,0,2005,0,0
China,electricity,wind,wind,2005,0.0073015,2005,1,1
EU-12,electricity,wind,wind,2005,0.001008,2005,1,1
EU-15,electricity,wind,wind,2005,0.2525868,2005,1,1
Europe_Eastern,electricity,wind,wind,2005,0.0001404,2005,1,1
Europe_Non_EU,electricity,wind,wind,2005,0.0002484,2005,1,1
European Free Trade Association,electricity,wind,wind,2005,0.0018252,2005,1,1
India,electricity,wind,wind,2005,0.0237708,2005,1,1
Indonesia,electricity,wind,wind,2005,0,2005,0,0
Japan,electricity,wind,wind,2005,0.0063144,2005,1,1
Mexico,electricity,wind,wind,2005,6.84e-05,2005,1,1
Middle East,electricity,wind,wind,2005,0.000306,2005,1,1
Pakistan,electricity,wind,wind,2005,0,2005,0,0
Russia,electricity,wind,wind,2005,2.52e-05,2005,1,1
South Africa,electricity,wind,wind,2005,0.0001152,2005,1,1
South America_Northern,electricity,wind,wind,2005,0,2005,0,0
South America_Southern,electricity,wind,wind,2005,2.88e-05,2005,1,1
South Asia,electricity,wind,wind,2005,4.92e-05,2005,1,1
South Korea,electricity,wind,wind,2005,0.000468,2005,1,1
Southeast Asia,electricity,wind,wind,2005,8.33e-05,2005,1,1
Taiwan,electricity,wind,wind,2005,0.0003276,2005,1,1
Argentina,electricity,wind,wind,2005,0.00027,2005,1,1
Colombia,electricity,wind,wind,2005,0.0001764,2005,1,1
USA,electricity,wind,wind,2010,0.3425328,2010,1,1
Africa_Eastern,electricity,wind,wind,2010,0.0002327,2010,1,1
Africa_Northern,electricity,wind,wind,2010,0.0082198,2010,1,1
Africa_Southern,electricity,wind,wind,2010,3.55e-05,2010,1,1
Africa_Western,electricity,wind,wind,2010,0.0001769,2010,1,1
Australia_NZ,electricity,wind,wind,2010,0.0231552,2010,1,1
Brazil,electricity,wind,wind,2010,0.0078372,2010,1,1
Canada,electricity,wind,wind,2010,0.0344052,2010,1,1
Central America and Caribbean,electricity,wind,wind,2010,0.00207,2010,1,1
Central Asia,electricity,wind,wind,2010,2.88e-05,2010,1,1
China,electricity,wind,wind,2010,0.1606448,2010,1,1
EU-12,electricity,wind,wind,2010,0.0147852,2010,1,1
EU-15,electricity,wind,wind,2010,0.5218416,2010,1,1
Europe_Eastern,electricity,wind,wind,2010,0.0001872,2010,1,1
Europe_Non_EU,electricity,wind,wind,2010,0.0110016,2010,1,1
European Free Trade Association,electricity,wind,wind,2010,0.0033552,2010,1,1
India,electricity,wind,wind,2010,0.0716796,2010,1,1
Indonesia,electricity,wind,wind,2010,0,2010,0,0
Japan,electricity,wind,wind,2010,0.0142632,2010,1,1
Mexico,electricity,wind,wind,2010,0.0044604,2010,1,1
Middle East,electricity,wind,wind,2010,0.0006264,2010,1,1
Pakistan,electricity,wind,wind,2010,0,2010,0,0
Russia,electricity,wind,wind,2010,1.44e-05,2010,1,1
South Africa,electricity,wind,wind,2010,0.0001152,2010,1,1
South America_Northern,electricity,wind,wind,2010,0,2010,0,0
South America_Southern,electricity,wind,wind,2010,0.0014544,2010,1,1
South Asia,electricity,wind,wind,2010,0.0001312,2010,1,1
South Korea,electricity,wind,wind,2010,0.0029412,2010,1,1
Southeast Asia,electricity,wind,wind,2010,0.0002845,2010,1,1
Taiwan,electricity,wind,wind,2010,0.0035136,2010,1,1
Argentina,electricity,wind,wind,2010,9e-05,2010,1,1
Colombia,electricity,wind,wind,2010,0.0001404,2010,1,1
