INPUT_TABLE,Unnamed: 1,Unnamed: 2,Unnamed: 3,Unnamed: 4,Unnamed: 5
Variable ID,,,,,
GlobalIntTechEff,,,,,
,,,,,
sector.name,subsector.name,intermittent.technology,year,minicam.energy.input,efficiency
electricity,wind,wind,1975,onshore wind resource,1
electricity,wind,wind,1990,onshore wind resource,1
electricity,wind,wind,2005,onshore wind resource,1
electricity,wind,wind,2010,onshore wind resource,1
electricity,wind,wind,2015,onshore wind resource,1
electricity,wind,wind,2020,onshore wind resource,1
electricity,wind,wind,2025,onshore wind resource,1
electricity,wind,wind,2030,onshore wind resource,1
electricity,wind,wind,2035,onshore wind resource,1
electricity,wind,wind,2040,onshore wind resource,1
electricity,wind,wind,2045,onshore wind resource,1
electricity,wind,wind,2050,onshore wind resource,1
electricity,wind,wind,2055,onshore wind resource,1
electricity,wind,wind,2060,onshore wind resource,1
electricity,wind,wind,2065,onshore wind resource,1
electricity,wind,wind,2070,onshore wind resource,1
electricity,wind,wind,2075,onshore wind resource,1
electricity,wind,wind,2080,onshore wind resource,1
electricity,wind,wind,2085,onshore wind resource,1
electricity,wind,wind,2090,onshore wind resource,1
electricity,wind,wind,2095,onshore wind resource,1
electricity,wind,wind,2100,onshore wind resource,1
